fips,state_abbr,lat,long
01001,AL,32.532237,-86.64644
01003,AL,30.659218,-87.746067
01005,AL,31.870253,-85.405104
01007,AL,33.015893,-87.127148
01009,AL,33.977358,-86.56644
01011,AL,32.101759,-85.717261
01013,AL,31.751667,-86.681969
01015,AL,33.770516,-85.827909
01017,AL,32.915504,-85.394032
01019,AL,34.069515,-85.654242
01021,AL,32.854051,-86.726607
01023,AL,31.990954,-88.248889
01025,AL,31.685521,-87.818624
01027,AL,33.2704,-85.863525
01029,AL,33.671964,-85.516126
01031,AL,31.402258,-85.989602
01033,AL,34.703112,-87.801457
01035,AL,31.430926,-86.988722
01037,AL,32.931445,-86.243482
01039,AL,31.243987,-86.448721
01041,AL,31.732826,-86.319222
01043,AL,34.131923,-86.869267
01045,AL,31.430654,-85.609476
01047,AL,32.33354,-87.114356
01049,AL,34.460929,-85.803992
01051,AL,32.597229,-86.142735
01053,AL,31.122287,-87.16841
01055,AL,34.047641,-86.034263
01057,AL,33.716157,-87.764292
01059,AL,34.441989,-87.842814
01061,AL,31.092382,-85.821022
01063,AL,32.844497,-87.9642
01065,AL,32.752796,-87.623061
01067,AL,31.516978,-85.239971
01069,AL,31.158183,-85.296411
01071,AL,34.764114,-85.980056
01073,AL,33.553444,-86.896536
01075,AL,33.787085,-88.087431
01077,AL,34.904122,-87.650997
01079,AL,34.529776,-87.321865
01081,AL,32.604064,-85.353048
01083,AL,34.810239,-86.981399
01085,AL,32.147888,-86.650586
01087,AL,32.387027,-85.692887
01089,AL,34.764238,-86.55108
01091,AL,32.247591,-87.791091
01093,AL,34.138219,-87.881551
01095,AL,34.309564,-86.321668
01097,AL,30.684572,-88.196568
01099,AL,31.580332,-87.383266
01101,AL,32.202881,-86.204461
01103,AL,34.454484,-86.846402
01105,AL,32.639005,-87.293827
01107,AL,33.296793,-88.096863
01109,AL,31.798651,-85.941604
01111,AL,33.296475,-85.464068
01113,AL,32.289811,-85.18698
01115,AL,33.712963,-86.315663
01117,AL,33.263043,-86.678089
01119,AL,32.597481,-88.200057
01121,AL,33.369314,-86.17593
01123,AL,32.863308,-85.799618
01125,AL,33.29022,-87.522783
01127,AL,33.791558,-87.301094
01129,AL,31.405217,-88.197564
01131,AL,31.990082,-87.304935
01133,AL,34.154566,-87.365346
02013,AK,55.245044,-161.997477
02016,AK,51.948964,179.621188
02020,AK,61.17425,-149.284329
02050,AK,60.929141,-160.152625
02060,AK,58.741647,-156.966909
02068,AK,63.682039,-150.027016
02070,AK,59.543326,-158.267123
02090,AK,64.676044,-146.548159
02100,AK,59.098404,-135.575791
02105,AK,58.253462,-136.320731
02110,AK,58.37291,-134.178445
02122,AK,60.360766,-152.05264
02130,AK,55.449938,-131.106685
02150,AK,57.7044,-153.918372
02158,AK,62.283588,-163.190171
02164,AK,58.108507,-156.413413
02170,AK,62.279094,-149.619094
02180,AK,64.783686,-164.188912
02185,AK,69.449343,-153.47283
02188,AK,67.005066,-160.021086
02195,AK,57.112458,-133.008598
02198,AK,55.682773,-133.162389
02220,AK,57.193204,-135.367396
02230,AK,59.560379,-135.338279
02240,AK,63.864997,-143.218628
02261,AK,61.349843,-145.023109
02275,AK,56.317416,-132.343978
02282,AK,60.017453,-140.416942
02290,AK,65.375727,-151.57785
04001,AZ,35.385084,-109.490172
04003,AZ,31.840129,-109.775163
04005,AZ,35.829692,-111.773728
04007,AZ,33.789618,-110.81187
04009,AZ,32.931828,-109.87831
04011,AZ,33.238872,-109.242323
04012,AZ,33.72761,-114.038806
04013,AZ,33.345176,-112.49893
04015,AZ,35.717705,-113.749689
04017,AZ,35.390785,-110.321025
04019,AZ,32.128043,-111.783657
04021,AZ,32.918521,-111.36634
04023,AZ,31.525733,-110.845228
04025,AZ,34.631071,-112.577225
04027,AZ,32.773942,-113.910905
05001,AR,34.28957,-91.376547
05003,AR,33.190835,-91.772267
05005,AR,36.280268,-92.329949
05007,AR,36.337819,-94.256298
05009,AR,36.304299,-93.079236
05011,AR,33.466549,-92.169156
05013,AR,33.56046,-92.513879
05015,AR,36.33737,-93.540972
05017,AR,33.267139,-91.297158
05019,AR,34.053316,-93.176208
05021,AR,36.367302,-90.418704
05023,AR,35.566315,-92.05995
05025,AR,33.893201,-92.188714
05027,AR,33.223038,-93.232843
05029,AR,35.265702,-92.689248
05031,AR,35.827729,-90.631421
05033,AR,35.583011,-94.236219
05035,AR,35.211879,-90.315332
05037,AR,35.285692,-90.763984
05039,AR,33.967823,-92.653999
05041,AR,33.828752,-91.244103
05043,AR,33.587242,-91.722778
05045,AR,35.146548,-92.336928
05047,AR,35.508558,-93.887665
05049,AR,36.383619,-91.819664
05051,AR,34.578852,-93.146932
05053,AR,34.285568,-92.422979
05055,AR,36.120607,-90.566346
05057,AR,33.735953,-93.664355
05059,AR,34.315177,-92.944147
05061,AR,34.083064,-93.990931
05063,AR,35.737499,-91.559942
05065,AR,36.094879,-91.913625
05067,AR,35.596467,-91.223205
05069,AR,34.277239,-91.929673
05071,AR,35.573359,-93.466322
05073,AR,33.240629,-93.611514
05075,AR,36.041098,-91.101153
05077,AR,34.779505,-90.779717
05079,AR,33.957675,-91.727626
05081,AR,33.699497,-94.229774
05083,AR,35.218654,-93.72091
05085,AR,34.755114,-91.894132
05087,AR,36.012545,-93.724053
05089,AR,36.266664,-92.678577
05091,AR,33.305505,-93.901502
05093,AR,35.766944,-90.052207
05095,AR,34.679512,-91.20331
05097,AR,34.545656,-93.664153
05099,AR,33.666699,-93.305072
05101,AR,35.910742,-93.215898
05103,AR,33.591168,-92.878413
05105,AR,34.946363,-92.926877
05107,AR,34.423687,-90.855593
05109,AR,34.158191,-93.658659
05111,AR,35.56887,-90.681104
05113,AR,34.490915,-94.230884
05115,AR,35.456557,-93.026818
05117,AR,34.831116,-91.55362
05119,AR,34.770311,-92.312996
05121,AR,36.341298,-91.028441
05123,AR,35.022838,-90.751505
05125,AR,34.648525,-92.674463
05127,AR,34.858869,-94.063641
05129,AR,35.896387,-92.695888
05131,AR,35.196981,-94.274989
05133,AR,33.994877,-94.243279
05135,AR,36.173399,-91.471069
05137,AR,35.857001,-92.140482
05139,AR,33.168219,-92.598145
05141,AR,35.582953,-92.515976
05143,AR,35.978001,-94.217269
05145,AR,35.255118,-91.753034
05147,AR,35.192777,-91.244535
05149,AR,34.997713,-93.408303
06001,CA,37.647139,-121.912488
06003,CA,38.621783,-119.798352
06005,CA,38.44355,-120.653856
06007,CA,39.665959,-121.601919
06009,CA,38.1839,-120.561441
06011,CA,39.177739,-122.237563
06013,CA,37.919479,-121.951543
06015,CA,41.763958,-124.003614
06017,CA,38.785612,-120.534225
06019,CA,36.761006,-119.655019
06021,CA,39.602546,-122.4017
06023,CA,40.706655,-123.926176
06025,CA,33.040814,-115.3554
06027,CA,36.561977,-117.403927
06029,CA,35.346629,-118.729506
06031,CA,36.072478,-119.81553
06033,CA,39.094802,-122.746757
06035,CA,40.721086,-120.629952
06037,CA,34.196398,-118.261862
06039,CA,37.209821,-119.749802
06041,CA,38.051817,-122.745974
06043,CA,37.57003,-119.912861
06045,CA,39.432388,-123.442881
06047,CA,37.194806,-120.722802
06049,CA,41.592918,-120.71837
06051,CA,37.915836,-118.875167
06053,CA,36.240107,-121.315572
06055,CA,38.5071,-122.325904
06057,CA,39.297508,-120.771343
06059,CA,33.675687,-117.777207
06061,CA,39.062032,-120.722718
06063,CA,39.992295,-120.824371
06065,CA,33.729828,-116.002239
06067,CA,38.450016,-121.340441
06069,CA,36.611651,-121.085811
06071,CA,34.85722,-116.181197
06073,CA,33.023604,-116.776117
06075,CA,37.727239,-123.032229
06077,CA,37.934982,-121.272244
06079,CA,35.385224,-120.447544
06081,CA,37.414672,-122.371546
06083,CA,34.537057,-120.039973
06085,CA,37.220695,-121.69051
06087,CA,37.012488,-122.007205
06089,CA,40.760514,-122.043556
06091,CA,39.576925,-120.521993
06093,CA,41.587986,-122.533287
06095,CA,38.267226,-121.939594
06097,CA,38.525182,-122.92611
06099,CA,37.562316,-121.002831
06101,CA,39.03619,-121.70394
06103,CA,40.126157,-122.232274
06105,CA,40.647803,-123.114476
06107,CA,36.228834,-118.781055
06109,CA,38.021434,-119.964733
06111,CA,34.358741,-119.133143
06113,CA,38.679596,-121.902441
06115,CA,39.27013,-121.344259
08001,CO,39.874325,-104.331872
08003,CO,37.568442,-105.788041
08005,CO,39.644554,-104.331706
08007,CO,37.202395,-107.050863
08009,CO,37.30978,-102.543741
08011,CO,37.931891,-103.077584
08013,CO,40.09497,-105.397691
08014,CO,39.953593,-105.050787
08015,CO,38.738223,-106.316683
08017,CO,38.835646,-102.601791
08019,CO,39.669732,-105.69257
08021,CO,37.213406,-106.176447
08023,CO,37.277547,-105.42894
08025,CO,38.30618,-103.772736
08027,CO,38.101996,-105.373512
08029,CO,38.861595,-107.864892
08031,CO,39.76185,-104.881105
08033,CO,37.711723,-108.524116
08035,CO,39.325414,-104.925987
08037,CO,39.626992,-106.695169
08039,CO,39.315157,-104.114076
08041,CO,38.827383,-104.527472
08043,CO,38.45517,-105.424958
08045,CO,39.599352,-107.90978
08047,CO,39.861156,-105.528878
08049,CO,40.113065,-106.110837
08051,CO,38.670499,-107.05688
08053,CO,37.821165,-107.338261
08055,CO,37.687815,-104.959928
08057,CO,40.663432,-106.329248
08059,CO,39.579511,-105.245462
08061,CO,38.387663,-102.756849
08063,CO,39.30534,-102.603023
08065,CO,39.205341,-106.350079
08067,CO,37.287367,-107.839718
08069,CO,40.658093,-105.486764
08071,CO,37.318831,-104.04411
08073,CO,38.99374,-103.507555
08075,CO,40.728091,-103.090464
08077,CO,39.019524,-108.460571
08079,CO,37.549067,-107.003236
08081,CO,40.610864,-108.217154
08083,CO,37.338025,-108.595786
08085,CO,38.407507,-108.266282
08087,CO,40.263159,-103.81221
08089,CO,37.88417,-103.72126
08091,CO,38.154731,-107.78848
08093,CO,39.118914,-105.717648
08095,CO,40.594712,-102.345105
08097,CO,39.217538,-106.916159
08099,CO,37.958181,-102.392161
08101,CO,38.170658,-104.489892
08103,CO,39.972622,-108.200716
08105,CO,37.485853,-106.453128
08107,CO,40.483664,-106.987702
08109,CO,38.031651,-106.234666
08111,CO,37.781049,-107.670257
08113,CO,38.009319,-108.427263
08115,CO,40.871568,-102.355358
08117,CO,39.621023,-106.137555
08119,CO,38.869976,-105.187365
08121,CO,39.96579,-103.209744
08123,CO,40.555961,-104.383666
08125,CO,40.00077,-102.421649
09001,CT,41.227413,-73.367061
09003,CT,41.806053,-72.732916
09005,CT,41.791883,-73.235404
09007,CT,41.433003,-72.52278
09009,CT,41.349718,-72.900203
09011,CT,41.472652,-72.108634
09013,CT,41.858081,-72.340978
09015,CT,41.824999,-71.990702
10001,DE,39.097088,-75.502982
10003,DE,39.575915,-75.644132
10005,DE,38.673227,-75.337024
11001,DC,38.904247,-77.016517
12001,FL,29.67574,-82.357221
12003,FL,30.324442,-82.302284
12005,FL,30.238218,-85.63168
12007,FL,29.952386,-82.166679
12009,FL,28.298311,-80.700333
12011,FL,26.193535,-80.476683
12013,FL,30.388801,-85.197915
12015,FL,26.868974,-81.941278
12017,FL,28.84364,-82.52481
12019,FL,29.986584,-81.865036
12021,FL,26.118786,-81.400955
12023,FL,30.221651,-82.623371
12027,FL,27.190581,-81.806253
12029,FL,29.580899,-83.195666
12031,FL,30.335245,-81.648113
12033,FL,30.611638,-87.3389
12035,FL,29.474891,-81.286253
12037,FL,29.810176,-84.799174
12039,FL,30.578687,-84.612607
12041,FL,29.723456,-82.795801
12043,FL,26.95481,-81.19082
12045,FL,29.907257,-85.256537
12047,FL,30.491187,-82.951071
12049,FL,27.492846,-81.82158
12051,FL,26.539967,-81.152114
12053,FL,28.573043,-82.466227
12055,FL,27.34108,-81.342353
12057,FL,27.906607,-82.349719
12059,FL,30.862007,-85.815939
12061,FL,27.700528,-80.574789
12063,FL,30.789249,-85.208814
12065,FL,30.424558,-83.890859
12067,FL,29.990066,-83.17851
12069,FL,28.764113,-81.712282
12071,FL,26.559035,-81.891994
12073,FL,30.45931,-84.2778
12075,FL,29.284457,-82.783462
12077,FL,30.259849,-84.86858
12079,FL,30.447233,-83.470416
12081,FL,27.481682,-82.368767
12083,FL,29.202805,-82.0431
12085,FL,27.083604,-80.398201
12086,FL,25.61058,-80.497099
12087,FL,24.768883,-80.95327
12089,FL,30.605963,-81.765087
12091,FL,30.665851,-86.594187
12093,FL,27.385592,-80.887388
12095,FL,28.514391,-81.323284
12097,FL,28.059027,-81.139312
12099,FL,26.649126,-80.448354
12101,FL,28.307711,-82.464832
12103,FL,27.903108,-82.739519
12105,FL,27.953649,-81.693534
12107,FL,29.593896,-81.732039
12109,FL,29.890487,-81.40004
12111,FL,27.379814,-80.443536
12113,FL,30.701269,-87.01289
12115,FL,27.184386,-82.365835
12117,FL,28.690092,-81.131989
12119,FL,28.714101,-82.074347
12121,FL,30.189244,-82.992754
12123,FL,30.009908,-83.609483
12125,FL,30.05428,-82.366918
12127,FL,29.057769,-81.161792
12129,FL,30.139432,-84.374846
12131,FL,30.631211,-86.176614
12133,FL,30.602217,-85.662797
13001,GA,31.739712,-82.290103
13003,GA,31.296806,-82.878151
13005,GA,31.55021,-82.451433
13007,GA,31.31958,-84.454881
13009,GA,33.05949,-83.255457
13011,GA,34.351922,-83.498441
13013,GA,33.992009,-83.712303
13015,GA,34.240917,-84.838188
13017,GA,31.740772,-83.147197
13019,GA,31.288652,-83.22787
13021,GA,32.808845,-83.694194
13023,GA,32.435403,-83.331717
13025,GA,31.197334,-81.982978
13027,GA,30.822934,-83.581905
13029,GA,32.017969,-81.438543
13031,GA,32.391711,-81.744021
13033,GA,33.060181,-82.000164
13035,GA,33.290355,-83.958221
13037,GA,31.521279,-84.62629
13039,GA,30.913358,-81.642019
13043,GA,32.40395,-82.071266
13045,GA,33.582237,-85.080527
13047,GA,34.900218,-85.139386
13049,GA,30.779904,-82.139644
13051,GA,31.980404,-81.085184
13053,GA,32.347445,-84.788021
13055,GA,34.474178,-85.345289
13057,GA,34.244317,-84.475057
13059,GA,33.952185,-83.367152
13061,GA,31.619831,-84.992583
13063,GA,33.542686,-84.355573
13065,GA,30.917653,-82.702614
13067,GA,33.93993,-84.574112
13069,GA,31.549245,-82.84494
13071,GA,31.189707,-83.769773
13073,GA,33.547631,-82.252296
13075,GA,31.152516,-83.429445
13077,GA,33.352897,-84.762138
13079,GA,32.709428,-83.979187
13081,GA,31.915148,-83.753531
13083,GA,34.852424,-85.506201
13085,GA,34.442608,-84.173261
13087,GA,30.880643,-84.58389
13089,GA,33.770661,-84.226343
13091,GA,32.164369,-83.167866
13093,GA,32.151995,-83.807167
13095,GA,31.532588,-84.20904
13097,GA,33.701242,-84.767314
13099,GA,31.324191,-84.906723
13101,GA,30.714008,-82.897376
13103,GA,32.36168,-81.343372
13105,GA,34.116413,-82.841909
13107,GA,32.5911,-82.299763
13109,GA,32.153083,-81.890153
13111,GA,34.866543,-84.317331
13113,GA,33.412717,-84.493941
13115,GA,34.263692,-85.213685
13117,GA,34.225143,-84.127408
13119,GA,34.375266,-83.227532
13121,GA,33.790034,-84.468182
13123,GA,34.690506,-84.454624
13125,GA,33.227491,-82.606913
13127,GA,31.21271,-81.49645
13129,GA,34.509667,-84.873862
13131,GA,30.875908,-84.24508
13133,GA,33.57674,-83.166613
13135,GA,33.959146,-84.023087
13137,GA,34.634392,-83.525875
13139,GA,34.317569,-83.8185
13141,GA,33.26922,-83.000465
13143,GA,33.795165,-85.220063
13145,GA,32.731549,-84.912432
13147,GA,34.348733,-82.96329
13149,GA,33.291347,-85.137886
13151,GA,33.452947,-84.154021
13153,GA,32.458287,-83.662522
13155,GA,31.604306,-83.277037
13157,GA,34.130905,-83.562557
13159,GA,33.316981,-83.689151
13161,GA,31.811615,-82.636825
13163,GA,33.058176,-82.420004
13165,GA,32.794563,-81.971524
13167,GA,32.694584,-82.66397
13169,GA,33.021664,-83.562196
13171,GA,33.07444,-84.146689
13173,GA,31.038197,-83.063164
13175,GA,32.39322,-82.926317
13177,GA,31.818419,-84.146681
13179,GA,31.807458,-81.457871
13181,GA,33.792151,-82.448299
13183,GA,31.749563,-81.74287
13185,GA,30.833145,-83.268995
13187,GA,34.56814,-83.998925
13189,GA,33.479623,-82.478733
13191,GA,31.488506,-81.372289
13193,GA,32.362686,-84.051231
13195,GA,34.128526,-83.203737
13197,GA,32.359312,-84.528735
13199,GA,33.029267,-84.667058
13201,GA,31.162931,-84.730398
13205,GA,31.228997,-84.192038
13207,GA,33.017435,-83.922938
13209,GA,32.172108,-82.533349
13211,GA,33.598696,-83.499435
13213,GA,34.797097,-84.73799
13215,GA,32.510197,-84.874946
13217,GA,33.544041,-83.855184
13219,GA,33.834125,-83.437728
13221,GA,33.866806,-83.074081
13223,GA,33.92103,-84.867169
13225,GA,32.571324,-83.831978
13227,GA,34.456746,-84.490351
13229,GA,31.353998,-82.21037
13231,GA,33.081224,-84.389848
13233,GA,33.996015,-85.188338
13235,GA,32.238803,-83.481845
13237,GA,33.32106,-83.37179
13239,GA,31.862938,-85.004798
13241,GA,34.883934,-83.40487
13243,GA,31.762651,-84.752311
13245,GA,33.361486,-82.074998
13247,GA,33.652081,-84.02637
13249,GA,32.263444,-84.322708
13251,GA,32.744751,-81.617585
13253,GA,30.93396,-84.867685
13255,GA,33.262348,-84.284905
13257,GA,34.552914,-83.290216
13259,GA,32.073225,-84.834912
13261,GA,32.042266,-84.204294
13263,GA,32.704603,-84.530029
13265,GA,33.559319,-82.875272
13267,GA,32.043768,-82.059208
13269,GA,32.554667,-84.251426
13271,GA,31.913641,-82.931063
13273,GA,31.777191,-84.439446
13275,GA,30.864619,-83.919815
13277,GA,31.457003,-83.525931
13279,GA,32.117812,-82.330626
13281,GA,34.902529,-83.732264
13283,GA,32.409586,-82.570882
13285,GA,33.034482,-85.02836
13287,GA,31.7248,-83.620319
13289,GA,32.665847,-83.425879
13291,GA,34.833333,-83.989257
13293,GA,32.881837,-84.292283
13295,GA,34.735802,-85.305456
13297,GA,33.783887,-83.731829
13299,GA,31.050881,-82.421507
13301,GA,33.419169,-82.688012
13303,GA,32.971843,-82.798112
13305,GA,31.547845,-81.912376
13307,GA,32.046691,-84.553828
13309,GA,32.105258,-82.733849
13311,GA,34.643776,-83.743417
13313,GA,34.801726,-84.968541
13315,GA,31.96272,-83.438259
13317,GA,33.779031,-82.747921
13319,GA,32.804266,-83.175512
13321,GA,31.551773,-83.84996
15001,HI,19.597764,-155.502443
15003,HI,21.580023,-158.123406
15005,HI,21.218764,-156.97401
15007,HI,22.012038,-159.705965
15009,HI,20.855931,-156.60155
16001,ID,43.451477,-116.244376
16003,ID,44.877004,-116.461624
16005,ID,42.692921,-112.228982
16007,ID,42.285892,-111.327517
16009,ID,47.218451,-116.633541
16011,ID,43.216357,-112.399206
16013,ID,43.394192,-113.955371
16015,ID,43.987275,-115.71511
16017,ID,48.316796,-116.612364
16019,ID,43.395171,-111.621878
16021,ID,48.773131,-116.524668
16023,ID,43.685101,-113.177631
16025,ID,43.502552,-114.772135
16027,ID,43.625796,-116.709058
16029,ID,42.786072,-111.544273
16031,ID,42.282313,-113.626328
16033,ID,44.290218,-112.354613
16035,ID,46.67257,-115.6535
16037,ID,44.273351,-114.252267
16039,ID,43.394698,-115.471205
16041,ID,42.173609,-111.822965
16043,ID,44.218091,-111.484429
16045,ID,44.061473,-116.398784
16047,ID,42.973185,-114.82142
16049,ID,45.849644,-115.467337
16051,ID,43.796965,-112.318588
16053,ID,42.691395,-114.262086
16055,ID,47.675966,-116.695922
16057,ID,46.81892,-116.730974
16059,ID,44.928506,-113.887042
16061,ID,46.236328,-116.42376
16063,ID,42.986181,-114.153899
16065,ID,43.788614,-111.656993
16067,ID,42.857211,-113.63984
16069,ID,46.333791,-116.760909
16071,ID,42.183895,-112.520449
16073,ID,42.572851,-116.18969
16075,ID,44.00243,-116.750238
16077,ID,42.694126,-112.844407
16079,ID,47.347694,-115.885092
16081,ID,43.760994,-111.211765
16083,ID,42.352309,-114.665639
16085,ID,44.85596,-115.618061
16087,ID,44.448223,-116.797792
17001,IL,39.986052,-91.194961
17003,IL,37.183658,-89.349516
17005,IL,38.885924,-89.436592
17007,IL,42.318983,-88.824295
17009,IL,39.962069,-90.750309
17011,IL,41.401304,-89.528377
17013,IL,39.164262,-90.666295
17015,IL,42.0709,-89.924189
17017,IL,39.969202,-90.245704
17019,IL,40.138985,-88.196975
17021,IL,39.545524,-89.279593
17023,IL,39.332334,-87.791683
17025,IL,38.746819,-88.482325
17027,IL,38.606295,-89.426228
17029,IL,39.51368,-88.220782
17031,IL,41.894294,-87.645455
17033,IL,39.002787,-87.760619
17035,IL,39.273121,-88.240619
17037,IL,41.894612,-88.768991
17039,IL,40.181499,-88.901853
17041,IL,39.766078,-88.222866
17043,IL,41.852058,-88.086039
17045,IL,39.679037,-87.74711
17047,IL,38.417095,-88.047941
17049,IL,39.047945,-88.592849
17051,IL,39.001125,-89.017923
17053,IL,40.596539,-88.224588
17055,IL,37.991852,-88.926321
17057,IL,40.46524,-90.202269
17059,IL,37.768677,-88.227964
17061,IL,39.355439,-90.387682
17063,IL,41.29241,-88.401054
17065,IL,38.085227,-88.539009
17067,IL,40.401318,-91.168801
17069,IL,37.517852,-88.266148
17071,IL,40.814471,-90.941246
17073,IL,41.350021,-90.130838
17075,IL,40.748867,-87.833601
17077,IL,37.786096,-89.381212
17079,IL,39.004874,-88.150763
17081,IL,38.30078,-88.92421
17083,IL,39.080195,-90.361385
17085,IL,42.362391,-90.21147
17087,IL,37.460709,-88.882131
17089,IL,41.939594,-88.42804
17091,IL,41.13951,-87.861117
17093,IL,41.58814,-88.430626
17095,IL,40.930945,-90.213792
17097,IL,42.326441,-87.435976
17099,IL,41.343341,-88.885931
17101,IL,38.718954,-87.730221
17103,IL,41.747447,-89.299362
17105,IL,40.894376,-88.552852
17107,IL,40.129277,-89.365309
17109,IL,40.455808,-90.678954
17111,IL,42.324298,-88.452245
17113,IL,40.494559,-88.844539
17115,IL,39.860237,-88.961529
17117,IL,39.265914,-89.92633
17119,IL,38.82712,-89.900227
17121,IL,38.648236,-88.920362
17123,IL,41.031119,-89.342371
17125,IL,40.236993,-89.913575
17127,IL,37.216119,-88.705658
17129,IL,40.022569,-89.794133
17131,IL,41.205605,-90.74177
17133,IL,38.277983,-90.179078
17135,IL,39.228068,-89.478141
17137,IL,39.717668,-90.205005
17139,IL,39.636896,-88.625726
17141,IL,42.041884,-89.320176
17143,IL,40.785972,-89.766993
17145,IL,38.084381,-89.368525
17147,IL,40.009033,-88.592355
17149,IL,39.625106,-90.889034
17151,IL,37.417169,-88.542374
17153,IL,37.215615,-89.127755
17155,IL,41.198961,-89.298347
17157,IL,38.056515,-89.82121
17159,IL,38.712187,-88.085452
17161,IL,41.468421,-90.572125
17163,IL,38.470198,-89.928546
17165,IL,37.751508,-88.545024
17167,IL,39.756867,-89.662425
17169,IL,40.156905,-90.613464
17171,IL,39.637002,-90.477771
17173,IL,39.384926,-88.798862
17175,IL,41.096908,-89.797411
17177,IL,42.349726,-89.665994
17179,IL,40.508074,-89.51626
17181,IL,37.485652,-89.244639
17183,IL,40.186754,-87.726778
17185,IL,38.445821,-87.839167
17187,IL,40.850441,-90.620223
17189,IL,38.35314,-89.417187
17191,IL,38.431857,-88.43243
17193,IL,38.087326,-88.178623
17195,IL,41.750673,-89.911005
17197,IL,41.448474,-87.978456
17199,IL,37.730353,-88.930018
17201,IL,42.337396,-89.161205
17203,IL,40.789787,-89.210587
18001,IN,40.745733,-84.93613
18003,IN,41.091909,-85.071791
18005,IN,39.205843,-85.897999
18007,IN,40.600939,-87.314786
18009,IN,40.472672,-85.32373
18011,IN,40.050892,-86.469014
18013,IN,39.195113,-86.230121
18015,IN,40.58498,-86.565141
18017,IN,40.753799,-86.355168
18019,IN,38.476217,-85.711122
18021,IN,39.393928,-87.115858
18023,IN,40.305944,-86.477567
18025,IN,38.289433,-86.440871
18027,IN,38.69609,-87.076943
18029,IN,39.14832,-84.973498
18031,IN,39.30598,-85.499831
18033,IN,41.401189,-85.000185
18035,IN,40.227543,-85.399262
18037,IN,38.373344,-86.873385
18039,IN,41.600693,-85.863986
18041,IN,39.639655,-85.185032
18043,IN,38.318081,-85.911847
18045,IN,40.121237,-87.234872
18047,IN,39.409762,-85.066964
18049,IN,41.050384,-86.265006
18051,IN,38.317398,-87.580523
18053,IN,40.515758,-85.654946
18055,IN,39.047147,-87.004771
18057,IN,40.053507,-86.021713
18059,IN,39.822529,-85.77315
18061,IN,38.186454,-86.103766
18063,IN,39.768963,-86.509908
18065,IN,39.929591,-85.397363
18067,IN,40.483537,-86.114118
18069,IN,40.826394,-85.478597
18071,IN,38.911957,-86.042516
18073,IN,41.017688,-87.118814
18075,IN,40.434956,-85.002331
18077,IN,38.783604,-85.44009
18079,IN,38.996229,-85.628103
18081,IN,39.496092,-86.094264
18083,IN,38.688391,-87.420354
18085,IN,41.244293,-85.861575
18087,IN,41.642462,-85.427845
18089,IN,41.472247,-87.374337
18091,IN,41.549013,-86.744739
18093,IN,38.839815,-86.48782
18095,IN,40.166203,-85.722454
18097,IN,39.782976,-86.135794
18099,IN,41.325003,-86.269036
18101,IN,38.705322,-86.801847
18103,IN,40.772883,-86.044258
18105,IN,39.160729,-86.52331
18107,IN,40.040296,-86.892715
18109,IN,39.482646,-86.447457
18111,IN,40.962399,-87.402172
18113,IN,41.404679,-85.417271
18115,IN,38.940527,-84.964299
18117,IN,38.547381,-86.489257
18119,IN,39.317339,-86.838845
18121,IN,39.77425,-87.19695
18123,IN,38.081436,-86.62654
18125,IN,38.397961,-87.232547
18127,IN,41.509914,-87.071313
18129,IN,38.027614,-87.868653
18131,IN,41.045272,-86.692538
18133,IN,39.665548,-86.853373
18135,IN,40.164079,-85.00579
18137,IN,39.100226,-85.260494
18139,IN,39.622379,-85.466446
18141,IN,41.617723,-86.288048
18143,IN,38.679431,-85.751898
18145,IN,39.524135,-85.792174
18147,IN,38.009697,-87.010375
18149,IN,41.284478,-86.644636
18151,IN,41.643467,-85.002405
18153,IN,39.089225,-87.415843
18155,IN,38.825854,-85.029681
18157,IN,40.389133,-86.893554
18159,IN,40.310229,-86.056207
18161,IN,39.623111,-84.925152
18163,IN,38.02007,-87.586166
18165,IN,39.854045,-87.462071
18167,IN,39.429143,-87.390375
18169,IN,40.843747,-85.795192
18171,IN,40.352658,-87.375847
18173,IN,38.097728,-87.272049
18175,IN,38.600613,-86.104751
18177,IN,39.863091,-85.006735
18179,IN,40.735273,-85.212974
18181,IN,40.75095,-86.864293
18183,IN,41.136426,-85.501892
19001,IA,41.328528,-94.478164
19003,IA,41.021656,-94.696906
19005,IA,43.274964,-91.382751
19007,IA,40.744296,-92.873061
19009,IA,41.679178,-94.904312
19011,IA,42.092547,-92.05763
19013,IA,42.471132,-92.3076
19015,IA,42.038642,-93.938358
19017,IA,42.780895,-92.327356
19019,IA,42.470328,-91.838666
19021,IA,42.741522,-95.141432
19023,IA,42.734757,-92.780153
19025,IA,42.38617,-94.643683
19027,IA,42.039492,-94.867647
19029,IA,41.333824,-94.933302
19031,IA,41.77236,-91.132611
19033,IA,43.074975,-93.250965
19035,IA,42.742737,-95.633262
19037,IA,43.059741,-92.31721
19039,IA,41.029191,-93.784096
19041,IA,43.081224,-95.149875
19043,IA,42.840985,-91.323576
19045,IA,41.898073,-90.534243
19047,IA,42.043119,-95.38909
19049,IA,41.68532,-94.040706
19051,IA,40.748089,-92.410345
19053,IA,40.736379,-93.78458
19055,IA,42.472937,-91.366767
19057,IA,40.915339,-91.186925
19059,IA,43.389611,-95.196057
19061,IA,42.463481,-90.878771
19063,IA,43.377984,-94.66937
19065,IA,42.864122,-91.840376
19067,IA,43.052741,-92.787367
19069,IA,42.736545,-93.271415
19071,IA,40.74259,-95.599182
19073,IA,42.042494,-94.388703
19075,IA,42.403339,-92.790244
19077,IA,41.683573,-94.501272
19079,IA,42.390768,-93.709198
19081,IA,43.075411,-93.743697
19083,IA,42.390208,-93.241669
19085,IA,41.688584,-95.827149
19087,IA,40.984802,-91.547259
19089,IA,43.365312,-92.321908
19091,IA,42.782221,-94.202775
19093,IA,42.39186,-95.507421
19095,IA,41.683918,-92.059123
19097,IA,42.164226,-90.574582
19099,IA,41.685551,-93.054147
19101,IA,41.005888,-91.966634
19103,IA,41.670668,-91.590529
19105,IA,42.125118,-91.116914
19107,IA,41.331182,-92.167721
19109,IA,43.212478,-94.213983
19111,IA,40.647588,-91.477157
19113,IA,42.077951,-91.597674
19115,IA,41.218211,-91.256994
19117,IA,41.033344,-93.331467
19119,IA,43.38358,-96.207201
19121,IA,41.330622,-94.015184
19123,IA,41.330797,-92.636366
19125,IA,41.331455,-93.093849
19127,IA,42.041691,-92.981452
19129,IA,41.033703,-95.619101
19131,IA,43.348564,-92.784466
19133,IA,42.049432,-95.956566
19135,IA,41.028847,-92.869642
19137,IA,41.021735,-95.15779
19139,IA,41.483776,-91.118699
19141,IA,43.083746,-95.625624
19143,IA,43.378542,-95.633788
19145,IA,40.73909,-95.14429
19147,IA,43.075337,-94.669055
19149,IA,42.737585,-96.215864
19151,IA,42.734033,-94.678279
19153,IA,41.684816,-93.568971
19155,IA,41.340184,-95.544905
19157,IA,41.684526,-92.522882
19159,IA,40.735334,-94.244251
19161,IA,42.387526,-95.105224
19163,IA,41.642079,-90.622289
19165,IA,41.679014,-95.308917
19167,IA,43.082646,-96.17801
19169,IA,42.037538,-93.466093
19171,IA,42.074848,-92.529411
19173,IA,40.737949,-94.697108
19175,IA,41.02855,-94.245091
19177,IA,40.754117,-91.952943
19179,IA,41.031275,-92.409466
19181,IA,41.332446,-93.568751
19183,IA,41.329401,-91.725052
19185,IA,40.739983,-93.332613
19187,IA,42.433579,-94.175831
19189,IA,43.378124,-93.743488
19191,IA,43.292989,-91.850788
19193,IA,42.39322,-96.053296
19195,IA,43.373491,-93.248533
19197,IA,42.733007,-93.734735
20001,KS,37.884228,-95.300945
20003,KS,38.215114,-95.292046
20005,KS,39.532544,-95.313397
20007,KS,37.222906,-98.685052
20009,KS,38.481239,-98.767837
20011,KS,37.8561,-94.850928
20013,KS,39.825931,-95.569905
20015,KS,37.773649,-96.83884
20017,KS,38.299475,-96.594029
20019,KS,37.154259,-96.245396
20021,KS,37.169392,-94.845698
20023,KS,39.789917,-101.727325
20025,KS,37.233831,-99.813869
20027,KS,39.344964,-97.168853
20029,KS,39.487329,-97.64139
20031,KS,38.23645,-95.729137
20033,KS,37.181442,-99.251293
20035,KS,37.234507,-96.837247
20037,KS,37.505821,-94.853897
20039,KS,39.783542,-100.459708
20041,KS,38.867735,-97.157943
20043,KS,39.788502,-95.147225
20045,KS,38.896417,-95.290947
20047,KS,37.883595,-99.304746
20049,KS,37.456026,-96.244642
20051,KS,38.914597,-99.317313
20053,KS,38.700845,-98.205355
20055,KS,38.049808,-100.739967
20057,KS,37.688416,-99.884748
20059,KS,38.558019,-95.278962
20061,KS,39.002139,-96.7681
20063,KS,38.917239,-100.48736
20065,KS,39.354972,-99.879894
20067,KS,37.547537,-101.299362
20069,KS,37.744513,-100.451716
20071,KS,38.480404,-101.80597
20073,KS,37.879347,-96.241732
20075,KS,37.995244,-101.793689
20077,KS,37.188184,-98.06659
20079,KS,38.050144,-97.436706
20081,KS,37.554979,-100.879952
20083,KS,38.087493,-99.898407
20085,KS,39.411145,-95.794485
20087,KS,39.239644,-95.375314
20089,KS,39.777002,-98.222618
20091,KS,38.883907,-94.82233
20093,KS,37.994461,-101.308136
20095,KS,37.552951,-98.144529
20097,KS,37.561231,-99.286539
20099,KS,37.191468,-95.297473
20101,KS,38.481286,-100.466185
20103,KS,39.189511,-95.038977
20105,KS,39.04728,-98.214284
20107,KS,38.216549,-94.844932
20109,KS,38.91327,-101.157402
20111,KS,38.455403,-96.161641
20113,KS,38.395812,-97.647489
20115,KS,38.359647,-97.102771
20117,KS,39.782709,-96.521243
20119,KS,37.243886,-100.360094
20121,KS,38.566772,-94.832963
20123,KS,39.393026,-98.207362
20125,KS,37.189537,-95.742403
20127,KS,38.688204,-96.651448
20129,KS,37.185249,-101.809516
20131,KS,39.791043,-96.005381
20133,KS,37.564283,-95.315682
20135,KS,38.480437,-99.908745
20137,KS,39.783867,-99.899235
20139,KS,38.650215,-95.708255
20141,KS,39.348261,-98.767942
20143,KS,39.137963,-97.654802
20145,KS,38.181477,-99.234772
20147,KS,39.784506,-99.34215
20149,KS,39.382187,-96.337113
20151,KS,37.647594,-98.74012
20153,KS,39.786198,-101.076738
20155,KS,37.948185,-98.078346
20157,KS,39.828906,-97.650883
20159,KS,38.347178,-98.201415
20161,KS,39.291211,-96.727489
20163,KS,39.346006,-99.324492
20165,KS,38.523596,-99.309184
20167,KS,38.91604,-98.770949
20169,KS,38.791804,-97.651478
20171,KS,38.481877,-100.90636
20173,KS,37.681045,-97.461054
20175,KS,37.18096,-100.855257
20177,KS,39.041805,-95.755664
20179,KS,39.350547,-100.441228
20181,KS,39.351352,-101.719859
20183,KS,39.78466,-98.785429
20185,KS,38.03563,-98.719889
20187,KS,37.565932,-101.789383
20189,KS,37.2017,-101.317268
20191,KS,37.236662,-97.493352
20193,KS,39.357713,-101.083386
20195,KS,38.921302,-99.865423
20197,KS,38.955154,-96.201262
20199,KS,38.926626,-101.771103
20201,KS,39.776714,-97.095611
20203,KS,38.481922,-101.347434
20205,KS,37.558515,-95.745175
20207,KS,37.888193,-95.758469
20209,KS,39.115384,-94.763087
21001,KY,37.105559,-85.28138
21003,KY,36.75077,-86.192458
21005,KY,38.005396,-84.986417
21007,KY,37.051323,-89.010367
21009,KY,36.962805,-85.932108
21011,KY,38.152249,-83.737641
21013,KY,36.728928,-83.680718
21015,KY,38.9589,-84.736371
21017,KY,38.202562,-84.20986
21019,KY,38.360004,-82.681406
21021,KY,37.618104,-84.868352
21023,KY,38.680365,-84.115235
21025,KY,37.517807,-83.317158
21027,KY,37.777988,-86.432919
21029,KY,37.969945,-85.702636
21031,KY,37.207013,-86.682471
21033,KY,37.148642,-87.870509
21035,KY,36.620978,-88.274086
21037,KY,38.946981,-84.379583
21039,KY,36.85718,-88.976614
21041,KY,38.668394,-85.124024
21043,KY,38.309549,-83.048796
21045,KY,37.321962,-84.92822
21047,KY,36.892059,-87.492986
21049,KY,37.970314,-84.145115
21051,KY,37.164273,-83.715473
21053,KY,36.727258,-85.136098
21055,KY,37.358149,-88.10501
21057,KY,36.782372,-85.388484
21059,KY,37.731671,-87.087139
21061,KY,37.227514,-86.218015
21063,KY,38.116883,-83.096116
21065,KY,37.692449,-83.963983
21067,KY,38.040675,-84.458274
21069,KY,38.367848,-83.699205
21071,KY,37.552456,-82.739724
21073,KY,38.234919,-84.868786
21075,KY,36.552511,-89.187659
21077,KY,38.760103,-84.862153
21079,KY,37.630162,-84.545856
21081,KY,38.649167,-84.625924
21083,KY,36.723344,-88.649897
21085,KY,37.458577,-86.344011
21087,KY,37.275382,-85.578483
21089,KY,38.563562,-82.93382
21091,KY,37.843325,-86.792761
21093,KY,37.695836,-85.963183
21095,KY,36.859223,-83.221497
21097,KY,38.444578,-84.334131
21099,KY,37.309097,-85.882123
21101,KY,37.792542,-87.572577
21103,KY,38.451383,-85.119647
21105,KY,36.675896,-88.972084
21107,KY,37.31107,-87.542196
21109,KY,37.403458,-84.020576
21111,KY,38.189532,-85.657624
21113,KY,37.873291,-84.58396
21115,KY,37.847756,-82.830121
21117,KY,38.930503,-84.533438
21119,KY,37.354368,-82.952546
21121,KY,36.8885,-83.855551
21123,KY,37.544462,-85.696841
21125,KY,37.113268,-84.119395
21127,KY,38.074453,-82.73829
21129,KY,37.608116,-83.719248
21131,KY,37.087846,-83.388617
21133,KY,37.118536,-82.861251
21135,KY,38.535047,-83.370143
21137,KY,37.457174,-84.658335
21139,KY,37.209517,-88.363426
21141,KY,36.859607,-86.881288
21143,KY,37.023976,-88.083391
21145,KY,37.054111,-88.712454
21147,KY,36.731136,-84.491052
21149,KY,37.526707,-87.265597
21151,KY,37.725511,-84.278362
21153,KY,37.698983,-83.069721
21155,KY,37.552604,-85.268959
21157,KY,36.882017,-88.332752
21159,KY,37.796774,-82.506623
21161,KY,38.594137,-83.828125
21163,KY,37.967476,-86.200863
21165,KY,37.935501,-83.589365
21167,KY,37.812085,-84.879695
21169,KY,36.99243,-85.633456
21171,KY,36.714077,-85.713508
21173,KY,38.038109,-83.912416
21175,KY,37.92294,-83.258944
21177,KY,37.213816,-87.134092
21179,KY,37.80312,-85.465931
21181,KY,38.338031,-84.026223
21183,KY,37.477859,-86.844871
21185,KY,38.400127,-85.456152
21187,KY,38.499395,-84.84159
21189,KY,37.423622,-83.691637
21191,KY,38.696284,-84.351943
21193,KY,37.241282,-83.217772
21195,KY,37.486031,-82.410912
21197,KY,37.809907,-83.831354
21199,KY,37.107374,-84.576953
21201,KY,38.513473,-84.06423
21203,KY,37.36105,-84.314368
21205,KY,38.204266,-83.428079
21207,KY,36.990587,-85.05495
21209,KY,38.28571,-84.57834
21211,KY,38.239011,-85.228247
21213,KY,36.740937,-86.581793
21215,KY,38.025411,-85.317174
21217,KY,37.36621,-85.328059
21219,KY,36.840338,-87.183642
21221,KY,36.807681,-87.858652
21223,KY,38.62004,-85.351208
21225,KY,37.658029,-87.95165
21227,KY,36.995634,-86.423579
21229,KY,37.754209,-85.175416
21231,KY,36.800772,-84.82659
21233,KY,37.51946,-87.68479
21235,KY,36.758024,-84.144648
21237,KY,37.743893,-83.49511
21239,KY,38.043103,-84.748855
22001,LA,30.291497,-92.411037
22003,LA,30.652744,-92.819605
22005,LA,30.206444,-90.912502
22007,LA,29.898853,-91.052465
22009,LA,31.088503,-91.983275
22011,LA,30.645018,-93.340253
22013,LA,32.340952,-93.041151
22015,LA,32.698481,-93.626561
22017,LA,32.577195,-93.882423
22019,LA,30.229559,-93.358015
22021,LA,32.101219,-92.114231
22023,LA,29.871812,-93.164948
22025,LA,31.666517,-91.846703
22027,LA,32.82716,-92.989728
22029,LA,31.469805,-91.626315
22031,LA,32.059248,-93.740797
22033,LA,30.54393,-91.093131
22035,LA,32.73017,-91.234141
22037,LA,30.839784,-91.043434
22039,LA,30.720693,-92.404086
22041,LA,32.139076,-91.672371
22043,LA,31.597787,-92.561716
22045,LA,30.007127,-91.976784
22047,LA,30.270628,-91.365848
22049,LA,32.30429,-92.5617
22051,LA,29.522281,-90.081001
22053,LA,30.269529,-92.816221
22055,LA,30.206507,-92.06417
22057,LA,29.491992,-90.394849
22059,LA,31.680083,-92.161596
22061,LA,32.601823,-92.662303
22063,LA,30.440419,-90.727474
22065,LA,32.346878,-91.231932
22067,LA,32.820008,-91.800399
22069,LA,31.732551,-93.082611
22071,LA,30.05342,-89.934502
22073,LA,32.480932,-92.151581
22075,LA,29.282447,-89.576068
22077,LA,30.708319,-91.604621
22079,LA,31.193204,-92.535953
22081,LA,32.101213,-93.34905
22083,LA,32.413158,-91.748353
22085,LA,31.560402,-93.559579
22087,LA,29.91811,-89.263494
22089,LA,29.905722,-90.357855
22091,LA,30.822539,-90.708307
22093,LA,30.024777,-90.793956
22095,LA,30.144068,-90.49096
22097,LA,30.583441,-91.989274
22099,LA,30.121433,-91.611481
22101,LA,29.629349,-91.463804
22103,LA,30.410022,-89.951962
22105,LA,30.621531,-90.40663
22107,LA,32.001489,-91.342576
22109,LA,29.33413,-90.843674
22111,LA,32.829349,-92.37565
22113,LA,29.789722,-92.291568
22115,LA,31.110563,-93.18152
22117,LA,30.852144,-90.046253
22119,LA,32.732152,-93.339825
22121,LA,30.464052,-91.309808
22123,LA,32.79248,-91.451998
22125,LA,30.872701,-91.421008
22127,LA,31.941187,-92.641269
23001,ME,44.167681,-70.207435
23003,ME,46.709193,-68.612409
23005,ME,43.808348,-70.330375
23007,ME,44.976724,-70.414935
23009,ME,44.564906,-68.370703
23011,ME,44.417012,-69.765764
23013,ME,44.042045,-69.038514
23015,ME,43.994781,-69.513624
23017,ME,44.4945,-70.734421
23019,ME,45.409284,-68.666616
23021,ME,45.915639,-69.102231
23023,ME,43.916845,-69.844227
23025,ME,45.503646,-69.95611
23027,ME,44.505834,-69.138952
23029,ME,44.967009,-67.609354
23031,ME,43.426019,-70.668425
24001,MD,39.612313,-78.703104
24003,MD,38.991617,-76.560894
24005,MD,39.443167,-76.616569
24009,MD,38.522719,-76.529762
24011,MD,38.871531,-75.831662
24013,MD,39.563331,-77.015328
24015,MD,39.562354,-75.941585
24017,MD,38.472853,-77.015427
24019,MD,38.429196,-76.047433
24021,MD,39.470214,-77.397628
24023,MD,39.547299,-79.274619
24025,MD,39.537429,-76.299789
24027,MD,39.252264,-76.924406
24029,MD,39.241279,-76.125987
24031,MD,39.137381,-77.203063
24033,MD,38.829288,-76.84818
24035,MD,39.040693,-76.082405
24037,MD,38.220289,-76.530384
24039,MD,38.07445,-75.853323
24041,MD,38.748349,-76.178476
24043,MD,39.603621,-77.814671
24045,MD,38.36737,-75.632083
24047,MD,38.222133,-75.309931
24510,MD,39.300032,-76.610476
25001,MA,41.799014,-70.21188
25003,MA,42.371493,-73.217928
25005,MA,41.748588,-71.088894
25007,MA,41.38097,-70.701499
25009,MA,42.642708,-70.864909
25011,MA,42.584504,-72.591792
25013,MA,42.136198,-72.635648
25015,MA,42.339459,-72.663694
25017,MA,42.481718,-71.394916
25019,MA,41.305878,-70.14191
25021,MA,42.171739,-71.181111
25023,MA,41.987196,-70.741942
25025,MA,42.338551,-71.018253
25027,MA,42.311693,-71.940282
26001,MI,44.682535,-82.834078
26003,MI,47.080077,-86.564108
26005,MI,42.595787,-86.634745
26007,MI,44.894954,-83.426574
26009,MI,45.005455,-85.175639
26011,MI,44.036833,-83.740675
26013,MI,46.695859,-88.36181
26015,MI,42.582811,-85.31455
26017,MI,43.699711,-83.978701
26019,MI,44.648621,-86.494326
26021,MI,41.791382,-86.742543
26023,MI,41.918455,-85.066885
26025,MI,42.24299,-85.012385
26027,MI,41.917243,-86.000142
26029,MI,45.513164,-85.450392
26031,MI,45.476022,-84.495431
26033,MI,46.321819,-84.52063
26035,MI,43.991137,-84.838325
26037,MI,42.950455,-84.591695
26039,MI,44.680175,-84.611343
26041,MI,45.805229,-86.901938
26043,MI,46.012825,-87.866123
26045,MI,42.58953,-84.84645
26047,MI,45.590094,-84.986822
26049,MI,43.021077,-83.706372
26051,MI,43.98975,-84.389816
26053,MI,46.461513,-89.806863
26055,MI,44.718688,-85.553848
26057,MI,43.292326,-84.60469
26059,MI,41.927461,-84.637479
26061,MI,46.998427,-88.651903
26063,MI,43.907616,-82.857045
26065,MI,42.603534,-84.373811
26067,MI,42.94465,-85.073766
26069,MI,44.329482,-82.849444
26071,MI,46.170254,-88.540526
26073,MI,43.645233,-84.839424
26075,MI,42.248474,-84.420868
26077,MI,42.246266,-85.532854
26079,MI,44.678881,-85.088992
26081,MI,43.032497,-85.547446
26083,MI,47.681974,-88.148797
26085,MI,43.995187,-85.8114
26087,MI,43.088633,-83.224325
26089,MI,45.146182,-86.051574
26091,MI,41.896022,-84.074356
26093,MI,42.602532,-83.911718
26095,MI,46.940602,-85.582368
26097,MI,46.167868,-85.303762
26099,MI,42.671553,-82.911456
26101,MI,44.350386,-86.602967
26103,MI,46.656596,-87.584028
26105,MI,43.996636,-86.750814
26107,MI,43.635295,-85.332751
26109,MI,45.536207,-87.501811
26111,MI,43.648203,-84.379414
26113,MI,44.325424,-85.085471
26115,MI,41.916097,-83.487106
26117,MI,43.312782,-85.149468
26119,MI,45.024134,-84.130107
26121,MI,43.289258,-86.751892
26123,MI,43.562712,-85.791372
26125,MI,42.660452,-83.38421
26127,MI,43.647255,-86.807575
26129,MI,44.33328,-84.128073
26131,MI,47.216602,-89.500463
26133,MI,43.997552,-85.322283
26135,MI,44.687257,-84.126905
26137,MI,45.021787,-84.576603
26139,MI,42.942461,-86.654946
26141,MI,45.489515,-83.384019
26143,MI,44.339517,-84.611271
26145,MI,43.328267,-84.05541
26147,MI,42.928803,-82.668913
26149,MI,41.911488,-85.52287
26151,MI,43.449155,-82.642815
26153,MI,46.021122,-86.197029
26155,MI,42.951545,-84.146352
26157,MI,43.487902,-83.436618
26159,MI,42.28215,-86.306076
26161,MI,42.252217,-83.843423
26163,MI,42.284664,-83.261953
26165,MI,44.331375,-85.570046
27001,MN,46.602446,-93.41976
27003,MN,45.27411,-93.242723
27005,MN,46.937629,-95.741757
27007,MN,47.879508,-95.00505
27009,MN,45.701225,-94.00144
27011,MN,45.419925,-96.402226
27013,MN,44.03371,-94.064012
27015,MN,44.246541,-94.733647
27017,MN,46.603818,-92.671044
27019,MN,44.82132,-93.800091
27021,MN,46.951745,-94.333705
27023,MN,45.028625,-95.564108
27025,MN,45.505444,-92.903849
27027,MN,46.898377,-96.494901
27029,MN,47.575873,-95.371117
27031,MN,47.538569,-90.290189
27033,MN,44.010639,-95.183152
27035,MN,46.491653,-94.070718
27037,MN,44.670893,-93.062481
27039,MN,44.020706,-92.869353
27041,MN,45.936829,-95.462156
27043,MN,43.676522,-93.947234
27045,MN,43.679187,-92.093937
27047,MN,43.674202,-93.350289
27049,MN,44.406178,-92.716
27051,MN,45.930743,-96.010699
27053,MN,45.006121,-93.475228
27055,MN,43.66699,-91.501556
27057,MN,47.095551,-94.91329
27059,MN,45.562431,-93.296339
27061,MN,47.490817,-93.611102
27063,MN,43.671111,-95.149731
27065,MN,45.94776,-93.297788
27067,MN,45.152714,-95.004981
27069,MN,48.77604,-96.780349
27071,MN,48.245374,-93.782896
27073,MN,44.999856,-96.176836
27075,MN,47.517111,-91.411704
27077,MN,48.7681,-94.904633
27079,MN,44.373424,-93.730143
27081,MN,44.408238,-96.272032
27083,MN,44.409195,-95.847268
27085,MN,44.821657,-94.272323
27087,MN,47.328387,-95.811089
27089,MN,48.362728,-96.357761
27091,MN,43.677118,-94.537252
27093,MN,45.123155,-94.527346
27095,MN,45.929043,-93.632996
27097,MN,46.020484,-94.266619
27099,MN,43.666249,-92.759514
27101,MN,44.015594,-95.761581
27103,MN,44.35882,-94.245684
27105,MN,43.677686,-95.763132
27107,MN,47.329453,-96.463776
27109,MN,43.999499,-92.410099
27111,MN,46.405727,-95.714581
27113,MN,48.069247,-96.037725
27115,MN,46.10094,-92.763094
27117,MN,44.015361,-96.257015
27119,MN,47.774254,-96.400027
27121,MN,45.589623,-95.446705
27123,MN,45.015204,-93.099965
27125,MN,47.865487,-96.08718
27127,MN,44.403536,-95.254241
27129,MN,44.723697,-94.955617
27131,MN,44.350734,-93.298505
27133,MN,43.669587,-96.263238
27135,MN,48.761068,-95.821504
27137,MN,47.578635,-92.51457
27139,MN,44.651805,-93.533731
27141,MN,45.453176,-93.76913
27143,MN,44.575734,-94.230123
27145,MN,45.555235,-94.610482
27147,MN,44.015261,-93.220453
27149,MN,45.593461,-95.992315
27151,MN,45.27581,-95.690124
27153,MN,46.066569,-94.900576
27155,MN,45.769935,-96.474832
27157,MN,44.289693,-92.23334
27159,MN,46.586986,-94.988608
27161,MN,44.01846,-93.589844
27163,MN,45.037929,-92.890117
27165,MN,43.978109,-94.613798
27167,MN,46.362335,-96.476657
27169,MN,43.982268,-91.776708
27171,MN,45.175091,-93.966396
27173,MN,44.715736,-95.862756
28001,MS,31.486224,-91.351797
28003,MS,34.886569,-88.581109
28005,MS,31.203933,-90.795542
28007,MS,33.090468,-89.588622
28009,MS,34.810518,-89.200285
28011,MS,33.799139,-90.88412
28013,MS,33.936634,-89.337114
28015,MS,33.440795,-89.918887
28017,MS,33.933277,-88.947558
28019,MS,33.345964,-89.251332
28021,MS,31.97281,-90.915424
28023,MS,32.045374,-88.687976
28025,MS,33.65967,-88.782468
28027,MS,34.22867,-90.603165
28029,MS,31.866915,-90.448758
28031,MS,31.633331,-89.548897
28033,MS,34.874266,-89.99324
28035,MS,31.18858,-89.259447
28037,MS,31.477773,-90.895457
28039,MS,30.855431,-88.642268
28041,MS,31.212845,-88.634811
28043,MS,33.770031,-89.80274
28045,MS,30.391641,-89.482791
28047,MS,30.416536,-89.083376
28049,MS,32.267788,-90.466017
28051,MS,33.125942,-90.091197
28053,MS,33.130996,-90.523421
28055,MS,32.755539,-91.003535
28057,MS,34.281075,-88.363127
28059,MS,30.456005,-88.625101
28061,MS,32.016989,-89.11943
28063,MS,31.733633,-91.043878
28065,MS,31.564808,-89.827086
28067,MS,31.616601,-89.168532
28069,MS,32.750136,-88.625631
28071,MS,34.353078,-89.485385
28073,MS,31.197586,-89.506369
28075,MS,32.403998,-88.660449
28077,MS,31.550009,-90.10753
28079,MS,32.76063,-89.52225
28081,MS,34.29237,-88.682439
28083,MS,33.54979,-90.294934
28085,MS,31.535216,-90.453566
28087,MS,33.471424,-88.439723
28089,MS,32.63437,-90.03416
28091,MS,31.230167,-89.821712
28093,MS,34.76619,-89.504231
28095,MS,33.89003,-88.485038
28097,MS,33.500714,-89.639625
28099,MS,32.752518,-89.119274
28101,MS,32.40197,-89.118412
28103,MS,33.106508,-88.566004
28105,MS,33.422313,-88.876151
28107,MS,34.365205,-89.963065
28109,MS,30.774793,-89.586904
28111,MS,31.169307,-88.988755
28113,MS,31.177516,-90.397725
28115,MS,34.227081,-89.037239
28117,MS,34.620566,-88.522184
28119,MS,34.252833,-90.290171
28121,MS,32.267123,-89.946063
28123,MS,32.411959,-89.533486
28125,MS,32.892395,-90.827613
28127,MS,31.902505,-89.917709
28129,MS,32.019029,-89.494876
28131,MS,30.790184,-89.112297
28133,MS,33.605529,-90.59509
28135,MS,33.954529,-90.172243
28137,MS,34.649553,-89.943105
28139,MS,34.763618,-88.918819
28141,MS,34.737697,-88.236064
28143,MS,34.652201,-90.37177
28145,MS,34.489533,-89.002339
28147,MS,31.164492,-90.103431
28149,MS,32.356095,-90.852384
28151,MS,33.273174,-90.944446
28153,MS,31.642503,-88.678214
28155,MS,33.612061,-89.283961
28157,MS,31.161091,-91.324617
28159,MS,33.078724,-89.037391
28161,MS,34.030666,-89.703807
28163,MS,32.765675,-90.387928
29001,MO,40.190666,-92.603592
29003,MO,39.988863,-94.803551
29005,MO,40.431846,-95.437555
29007,MO,39.214481,-91.843418
29009,MO,36.699376,-93.834334
29011,MO,37.500799,-94.344089
29013,MO,38.257217,-94.339246
29015,MO,38.301036,-93.287942
29017,MO,37.318427,-90.024645
29019,MO,38.989861,-92.310202
29021,MO,39.660369,-94.808173
29023,MO,36.71518,-90.40313
29025,MO,39.658998,-93.979179
29027,MO,38.835547,-91.923446
29029,MO,38.026527,-92.765327
29031,MO,37.384141,-89.685658
29033,MO,39.427375,-93.500227
29035,MO,36.944858,-90.945705
29037,MO,38.646474,-94.354547
29039,MO,37.733655,-93.850014
29041,MO,39.517968,-92.96162
29043,MO,36.969739,-93.187614
29045,MO,40.407275,-91.729472
29047,MO,39.315551,-94.421502
29049,MO,39.608723,-94.395803
29051,MO,38.503233,-92.280027
29053,MO,38.845386,-92.812323
29055,MO,37.96656,-91.313933
29057,MO,37.43235,-93.854878
29059,MO,37.683583,-93.033815
29061,MO,39.962839,-93.970053
29063,MO,39.894665,-94.40719
29065,MO,37.603072,-91.489717
29067,MO,36.946517,-92.515892
29069,MO,36.306905,-90.065394
29071,MO,38.413003,-91.072832
29073,MO,38.441183,-91.50578
29075,MO,40.208127,-94.405321
29077,MO,37.258196,-93.340641
29079,MO,40.112541,-93.565054
29081,MO,40.34562,-93.992582
29083,MO,38.386491,-93.792628
29085,MO,37.93691,-93.322988
29087,MO,40.095724,-95.219072
29089,MO,39.143365,-92.695926
29091,MO,36.774369,-91.887368
29093,MO,37.594364,-90.984682
29095,MO,39.005336,-94.343165
29097,MO,37.205197,-94.337259
29099,MO,38.25763,-90.543681
29101,MO,38.741528,-93.811863
29103,MO,40.136856,-92.146835
29105,MO,37.659698,-92.594843
29107,MO,39.068705,-93.802639
29109,MO,37.10659,-93.830551
29111,MO,40.084559,-91.728803
29113,MO,39.062255,-90.962916
29115,MO,39.86444,-93.108019
29117,MO,39.778587,-93.548201
29119,MO,36.630218,-94.343956
29121,MO,39.829795,-92.56434
29123,MO,37.474481,-90.343413
29125,MO,38.162615,-91.923601
29127,MO,39.807538,-91.635379
29129,MO,40.421413,-93.567631
29131,MO,38.21668,-92.429876
29133,MO,36.826264,-89.295929
29135,MO,38.633037,-92.583642
29137,MO,39.49827,-92.006458
29139,MO,38.935184,-91.465427
29141,MO,38.420806,-92.874835
29143,MO,36.594261,-89.655948
29145,MO,36.908371,-94.335034
29147,MO,40.361136,-94.883146
29149,MO,36.68531,-91.401827
29151,MO,38.464253,-91.859504
29153,MO,36.64959,-92.458549
29155,MO,36.209916,-89.785942
29157,MO,37.71113,-89.802125
29159,MO,38.727367,-93.285207
29161,MO,37.866326,-91.790349
29163,MO,39.339959,-91.171607
29165,MO,39.378696,-94.761472
29167,MO,37.616761,-93.400817
29169,MO,37.824835,-92.207022
29171,MO,40.478606,-93.014531
29173,MO,39.553455,-91.524787
29175,MO,39.439249,-92.492959
29177,MO,39.308401,-93.995746
29179,MO,37.366464,-90.972282
29181,MO,36.65017,-90.874834
29183,MO,38.781102,-90.674915
29185,MO,38.04223,-93.77656
29186,MO,37.885845,-90.161531
29187,MO,37.810707,-90.473868
29189,MO,38.640688,-90.446073
29195,MO,39.13584,-93.204164
29197,MO,40.469361,-92.519016
29199,MO,40.447686,-92.142824
29201,MO,37.047793,-89.568098
29203,MO,37.152498,-91.391328
29205,MO,39.797531,-92.088719
29207,MO,36.851557,-89.947481
29209,MO,36.751004,-93.473701
29211,MO,40.209587,-93.109783
29213,MO,36.649827,-93.042819
29215,MO,37.314257,-91.964478
29217,MO,37.850196,-94.341597
29219,MO,38.761902,-91.159306
29221,MO,37.942611,-90.897018
29223,MO,37.111074,-90.453931
29225,MO,37.280804,-92.87608
29227,MO,40.480499,-94.419198
29229,MO,37.267633,-92.479989
29510,MO,38.635699,-90.244582
30001,MT,45.133863,-112.892869
30003,MT,45.407869,-107.518163
30005,MT,48.428282,-108.967648
30007,MT,46.329849,-111.497873
30009,MT,45.224468,-109.028554
30011,MT,45.516825,-104.515324
30013,MT,47.316575,-111.350262
30015,MT,47.886834,-110.4362
30017,MT,46.261414,-105.550352
30019,MT,48.794429,-105.541739
30021,MT,47.26613,-104.898271
30023,MT,46.094672,-113.141624
30025,MT,46.318184,-104.405718
30027,MT,47.225221,-109.232138
30029,MT,48.314678,-114.054295
30031,MT,45.518054,-111.163921
30033,MT,47.267184,-106.995991
30035,MT,48.705671,-112.990502
30037,MT,46.380624,-109.174586
30039,MT,46.395955,-113.427356
30041,MT,48.631959,-110.106321
30043,MT,46.124232,-112.059428
30045,MT,47.032558,-110.30532
30047,MT,47.642901,-114.083687
30049,MT,47.132013,-112.373367
30051,MT,48.559654,-111.036924
30053,MT,48.552385,-115.463185
30055,MT,47.629628,-105.757222
30057,MT,45.32529,-111.913791
30059,MT,46.5857,-110.92174
30061,MT,47.151942,-115.065627
30063,MT,47.027263,-113.892691
30065,MT,46.505281,-108.439763
30067,MT,45.421429,-110.53276
30069,MT,47.141917,-108.226575
30071,MT,48.250143,-107.928897
30073,MT,48.228604,-112.220761
30075,MT,45.408926,-105.555344
30077,MT,46.844225,-112.9311
30079,MT,46.812384,-105.503994
30081,MT,46.077744,-114.105795
30083,MT,47.785633,-104.563408
30085,MT,48.282747,-104.99517
30087,MT,46.173233,-106.666746
30089,MT,47.756497,-115.180306
30091,MT,48.705523,-104.533913
30093,MT,45.896232,-112.660071
30095,MT,45.658545,-109.381576
30097,MT,45.811292,-109.944796
30099,MT,47.819035,-112.281725
30101,MT,48.645125,-111.733472
30103,MT,46.229441,-107.285772
30105,MT,48.34985,-106.670424
30107,MT,46.497047,-109.857147
30109,MT,46.962966,-104.274518
30111,MT,45.936987,-108.276656
31001,NE,40.520632,-98.500044
31003,NE,42.183225,-98.058037
31005,NE,41.57193,-101.695917
31007,NE,41.53975,-103.726263
31009,NE,41.931945,-99.996407
31011,NE,41.703934,-98.070476
31013,NE,42.21038,-103.081779
31015,NE,42.894448,-98.773022
31017,NE,42.359562,-99.92392
31019,NE,40.855226,-99.074983
31021,NE,41.854179,-96.337746
31023,NE,41.226072,-97.132039
31025,NE,40.909878,-96.140609
31027,NE,42.60456,-97.25687
31029,NE,40.53039,-101.694192
31031,NE,42.571323,-101.047653
31033,NE,41.214236,-103.011929
31035,NE,40.523669,-98.050858
31037,NE,41.57496,-97.088945
31039,NE,41.915865,-96.788517
31041,NE,41.393893,-99.726866
31043,NE,42.391645,-96.561356
31045,NE,42.711214,-103.134872
31047,NE,40.867378,-99.815154
31049,NE,41.111903,-102.332609
31051,NE,42.48528,-96.855862
31053,NE,41.577008,-96.645853
31055,NE,41.297091,-96.154066
31057,NE,40.180165,-101.681133
31059,NE,40.52504,-97.596705
31061,NE,40.183203,-98.96208
31063,NE,40.530947,-100.406683
31065,NE,40.191865,-99.909663
31067,NE,40.255234,-96.683453
31069,NE,41.633364,-102.302985
31071,NE,41.906868,-98.951231
31073,NE,40.509095,-99.823206
31075,NE,41.913957,-101.755965
31077,NE,41.567571,-98.530565
31079,NE,40.866027,-98.502664
31081,NE,40.872817,-98.022329
31083,NE,40.178766,-99.403418
31085,NE,40.537234,-101.047963
31087,NE,40.176896,-101.044217
31089,NE,42.459287,-98.784766
31091,NE,41.920317,-101.117324
31093,NE,41.216851,-98.513342
31095,NE,40.175736,-97.143103
31097,NE,40.39501,-96.265367
31099,NE,40.50912,-98.947602
31101,NE,41.194245,-101.644449
31103,NE,42.87548,-99.718351
31105,NE,41.199274,-103.703153
31107,NE,42.634404,-97.891349
31109,NE,40.783547,-96.688658
31111,NE,41.050322,-100.744481
31113,NE,41.542155,-100.443665
31115,NE,41.903183,-99.509852
31117,NE,41.648414,-101.120851
31119,NE,41.909929,-97.606856
31121,NE,41.16979,-98.031057
31123,NE,41.732204,-102.990594
31125,NE,41.402385,-97.991408
31127,NE,40.387389,-95.852721
31129,NE,40.176492,-98.046842
31131,NE,40.637992,-96.131027
31133,NE,40.13785,-96.245225
31135,NE,40.857646,-101.627468
31137,NE,40.516365,-99.406557
31139,NE,42.271413,-97.610992
31141,NE,41.576866,-97.513467
31143,NE,41.187925,-97.570663
31145,NE,40.16942,-100.468576
31147,NE,40.123743,-95.718603
31149,NE,42.394749,-99.420851
31151,NE,40.516802,-97.131755
31153,NE,41.115064,-96.109125
31155,NE,41.223388,-96.642097
31157,NE,41.850331,-103.701549
31159,NE,40.871944,-97.140383
31161,NE,42.512289,-102.36828
31163,NE,41.218743,-98.972849
31165,NE,42.470668,-103.73217
31167,NE,41.905045,-97.177109
31169,NE,40.173845,-97.596263
31171,NE,41.85573,-100.524703
31173,NE,42.154061,-96.533943
31175,NE,41.564094,-98.983484
31177,NE,41.533973,-96.224577
31179,NE,42.210746,-97.126243
31181,NE,40.180646,-98.49859
31183,NE,41.922575,-98.520853
31185,NE,40.873056,-97.596742
32001,NV,39.53771,-118.264166
32003,NV,36.214257,-115.013812
32005,NV,38.905129,-119.609019
32007,NV,41.141133,-115.351424
32009,NV,37.778966,-117.632382
32011,NV,39.977788,-116.272208
32013,NV,41.407914,-118.127591
32015,NV,39.90021,-117.04724
32017,NV,37.634605,-114.863037
32019,NV,39.022213,-119.197425
32021,NV,38.516647,-118.416279
32023,NV,37.965864,-116.459011
32027,NV,40.439639,-118.409477
32029,NV,39.438385,-119.524646
32031,NV,40.73132,-119.663269
32033,NV,39.418234,-114.900605
32510,NV,39.15306,-119.747368
33001,NH,43.519109,-71.425366
33003,NH,43.867774,-71.20156
33005,NH,42.92546,-72.248183
33007,NH,44.652548,-71.289431
33009,NH,43.926439,-71.842424
33011,NH,42.911532,-71.723055
33013,NH,43.299579,-71.680041
33015,NH,42.988664,-71.09908
33017,NH,43.293272,-71.035589
33019,NH,43.361188,-72.222084
34001,NJ,39.469355,-74.633759
34003,NJ,40.959698,-74.074727
34005,NJ,39.875786,-74.663006
34007,NJ,39.802407,-74.961249
34009,NJ,39.085841,-74.846354
34011,NJ,39.328434,-75.121628
34013,NJ,40.7874,-74.246292
34015,NJ,39.722875,-75.145679
34017,NJ,40.731375,-74.078601
34019,NJ,40.565283,-74.911969
34021,NJ,40.282503,-74.703724
34023,NJ,40.439621,-74.40743
34025,NJ,40.287048,-74.152446
34027,NJ,40.858896,-74.547292
34029,NJ,39.865669,-74.258864
34031,NJ,41.03789,-74.29828
34033,NJ,39.573828,-75.357356
34035,NJ,40.565527,-74.619938
34037,NJ,41.137461,-74.691914
34039,NJ,40.659871,-74.308696
34041,NJ,40.853491,-75.009498
35001,NM,35.053628,-106.66908
35003,NM,33.901621,-108.391928
35005,NM,33.361604,-104.469837
35006,NM,34.928272,-107.99268
35007,NM,36.612964,-104.64011
35009,NM,34.572984,-103.346055
35011,NM,34.359273,-104.368696
35013,NM,32.349919,-106.834968
35015,NM,32.457835,-104.306434
35017,NM,32.732087,-108.381504
35019,NM,34.869782,-104.784968
35021,NM,35.858516,-103.847925
35023,NM,31.898052,-108.751929
35025,NM,32.795687,-103.413271
35027,NM,33.740841,-105.449805
35028,NM,35.870047,-106.307968
35029,NM,32.184523,-107.747191
35031,NM,35.583878,-108.253266
35033,NM,35.982841,-104.921898
35035,NM,32.615599,-105.751308
35037,NM,35.107018,-103.548071
35039,NM,36.509669,-106.693983
35041,NM,34.021207,-103.483004
35043,NM,35.685091,-106.883119
35045,NM,36.511624,-108.324578
35047,NM,35.476859,-104.803519
35049,NM,35.51453,-105.963972
35051,NM,33.119468,-107.188161
35053,NM,33.991658,-106.939136
35055,NM,36.576529,-105.637986
35057,NM,34.554978,-105.890557
35059,NM,36.488085,-103.475723
35061,NM,34.71684,-106.806582
36001,NY,42.58824,-73.97401
36003,NY,42.247853,-78.026153
36005,NY,40.848711,-73.852939
36007,NY,42.161977,-75.830283
36009,NY,42.239099,-78.662332
36011,NY,43.008546,-76.574587
36013,NY,42.304216,-79.407595
36015,NY,42.15528,-76.747179
36017,NY,42.478024,-75.602241
36019,NY,44.752712,-73.705643
36021,NY,42.247729,-73.626806
36023,NY,42.594039,-76.07624
36025,NY,42.193986,-74.966728
36027,NY,41.75477,-73.740041
36029,NY,42.752759,-78.778192
36031,NY,44.109601,-73.778431
36033,NY,44.594376,-74.31067
36035,NY,43.115609,-74.423678
36037,NY,43.00091,-78.192778
36039,NY,42.279821,-74.142025
36041,NY,43.657879,-74.502456
36043,NY,43.407489,-75.011683
36045,NY,43.996389,-76.052968
36047,NY,40.635045,-73.95064
36049,NY,43.782681,-75.44414
36051,NY,42.727485,-77.769779
36053,NY,42.910026,-75.663575
36055,NY,43.464484,-77.664658
36057,NY,42.900891,-74.435357
36059,NY,40.729612,-73.589414
36061,NY,40.776642,-73.970187
36063,NY,43.456731,-78.792142
36065,NY,43.242727,-75.434282
36067,NY,43.006516,-76.196134
36069,NY,42.856357,-77.303497
36071,NY,41.40241,-74.306252
36073,NY,43.502287,-78.229726
36075,NY,43.461443,-76.209262
36077,NY,42.629776,-75.028841
36079,NY,41.427907,-73.743861
36081,NY,40.658566,-73.838017
36083,NY,42.710421,-73.513845
36085,NY,40.561263,-74.1399
36087,NY,41.154628,-74.024662
36089,NY,44.488112,-75.074311
36091,NY,43.106135,-73.855387
36093,NY,42.817552,-74.043559
36095,NY,42.591294,-74.438172
36097,NY,42.419776,-76.938603
36099,NY,42.782294,-76.827088
36101,NY,42.266725,-77.385525
36103,NY,40.943554,-72.692218
36105,NY,41.719993,-74.771577
36107,NY,42.178057,-76.297456
36109,NY,42.453006,-76.473483
36111,NY,41.947212,-74.265458
36113,NY,43.555105,-73.838139
36115,NY,43.312377,-73.439428
36117,NY,43.458758,-77.063164
36119,NY,41.152686,-73.745753
36121,NY,42.701363,-78.228567
36123,NY,42.638237,-77.104324
37001,NC,36.043954,-79.400573
37003,NC,35.920951,-81.177467
37005,NC,36.489356,-81.132299
37007,NC,34.974972,-80.109763
37009,NC,36.443469,-81.499334
37011,NC,36.07209,-81.920285
37013,NC,35.482313,-76.842014
37015,NC,36.059043,-76.962364
37017,NC,34.591938,-78.539489
37019,NC,34.038754,-78.227765
37021,NC,35.609371,-82.530423
37023,NC,35.746182,-81.70618
37025,NC,35.388346,-80.552728
37027,NC,35.966395,-81.512541
37029,NC,36.342344,-76.162488
37031,NC,34.858343,-76.53586
37033,NC,36.394298,-79.339609
37035,NC,35.661883,-81.214906
37037,NC,35.704994,-79.251454
37039,NC,35.13715,-84.061449
37041,NC,36.128979,-76.602752
37043,NC,35.052997,-83.752264
37045,NC,35.33463,-81.557114
37047,NC,34.261602,-78.639308
37049,NC,35.116829,-77.08132
37051,NC,35.050192,-78.828719
37053,NC,36.372174,-75.941224
37055,NC,35.606269,-75.767536
37057,NC,35.795131,-80.207107
37059,NC,35.929355,-80.542552
37061,NC,34.934403,-77.933543
37063,NC,36.033828,-78.878125
37065,NC,35.917077,-77.602742
37067,NC,36.132466,-80.256961
37069,NC,36.088241,-78.28309
37071,NC,35.293344,-81.177256
37073,NC,36.442135,-76.702355
37075,NC,35.348364,-83.830915
37077,NC,36.299884,-78.657634
37079,NC,35.481959,-77.681688
37081,NC,36.079065,-79.788665
37083,NC,36.251438,-77.644842
37085,NC,35.368635,-78.87161
37087,NC,35.558882,-82.981307
37089,NC,35.336415,-82.479741
37091,NC,36.363517,-76.981616
37093,NC,35.017233,-79.241964
37095,NC,35.408157,-76.153687
37097,NC,35.806249,-80.87452
37099,NC,35.281052,-83.119962
37101,NC,35.513419,-78.367348
37103,NC,35.032268,-77.356195
37105,NC,35.476336,-79.172117
37107,NC,35.240068,-77.63551
37109,NC,35.488491,-81.226892
37111,NC,35.682271,-82.048044
37113,NC,35.152959,-83.421901
37115,NC,35.864207,-82.71263
37117,NC,35.847301,-77.119602
37119,NC,35.246862,-80.833832
37121,NC,36.013102,-82.163554
37123,NC,35.334415,-79.906602
37125,NC,35.308272,-79.492725
37127,NC,35.965945,-77.987555
37129,NC,34.183442,-77.864209
37131,NC,36.421774,-77.398352
37133,NC,34.763109,-77.499469
37135,NC,36.062526,-79.120034
37137,NC,35.147575,-76.665268
37139,NC,36.265199,-76.260691
37141,NC,34.512556,-77.888106
37143,NC,36.180897,-76.403244
37145,NC,36.38635,-78.965623
37147,NC,35.59249,-77.372739
37149,NC,35.277901,-82.167621
37151,NC,35.709915,-79.806215
37153,NC,35.004636,-79.755695
37155,NC,34.63921,-79.100881
37157,NC,36.381806,-79.782754
37159,NC,35.641355,-80.521721
37161,NC,35.402747,-81.919582
37163,NC,34.989298,-78.371174
37165,NC,34.840023,-79.477337
37167,NC,35.310449,-80.254374
37169,NC,36.393505,-80.266214
37171,NC,36.415416,-80.686463
37173,NC,35.568849,-83.465614
37175,NC,35.210103,-82.816666
37177,NC,35.87042,-76.165345
37179,NC,34.99182,-80.530426
37181,NC,36.365481,-78.405434
37183,NC,35.789846,-78.650624
37185,NC,36.398105,-78.099899
37187,NC,35.844713,-76.572291
37189,NC,36.235368,-81.709888
37191,NC,35.35419,-78.00867
37193,NC,36.208883,-81.166095
37195,NC,35.700357,-77.921598
37197,NC,36.158765,-80.665164
37199,NC,35.889326,-82.303954
38001,ND,46.096815,-102.533198
38003,ND,46.94255,-98.070195
38005,ND,48.071743,-99.351152
38007,ND,47.007044,-103.364016
38009,ND,48.794412,-100.831257
38011,ND,46.110144,-103.505943
38013,ND,48.786453,-102.520087
38015,ND,46.978829,-100.469533
38017,ND,46.927003,-97.252375
38019,ND,48.768439,-98.46379
38021,ND,46.107756,-98.496518
38023,ND,48.814754,-103.509326
38025,ND,47.354557,-102.612322
38027,ND,47.723436,-98.900474
38029,ND,46.284255,-100.237842
38031,ND,47.471431,-98.872876
38033,ND,46.938924,-103.844612
38035,ND,47.926003,-97.450851
38037,ND,46.357827,-101.639049
38039,ND,47.456334,-98.232286
38041,ND,46.435704,-102.454238
38043,ND,46.938273,-99.731198
38045,ND,46.464195,-98.526057
38047,ND,46.469278,-99.504585
38049,ND,48.233842,-100.633267
38051,ND,46.108682,-99.416487
38053,ND,47.742475,-103.403215
38055,ND,47.530459,-101.353087
38057,ND,47.307147,-101.833328
38059,ND,46.710819,-101.298265
38061,ND,48.210073,-102.364895
38063,ND,47.918667,-98.204428
38065,ND,47.118079,-101.33142
38067,ND,48.766896,-97.545405
38069,ND,48.238883,-99.966497
38071,ND,48.266163,-98.739031
38073,ND,46.449276,-97.647554
38075,ND,48.712781,-101.658152
38077,ND,46.265219,-96.93796
38079,ND,48.768271,-99.840463
38081,ND,46.108204,-97.630051
38083,ND,47.581359,-100.330986
38085,ND,46.110618,-101.061284
38087,ND,46.445834,-103.462462
38089,ND,46.817031,-102.662026
38091,ND,47.451062,-97.71892
38093,ND,46.972223,-98.956123
38095,ND,48.682183,-99.248158
38097,ND,47.446215,-97.164754
38099,ND,48.376979,-97.72223
38101,ND,48.216686,-101.540537
38103,ND,47.580851,-99.682213
38105,ND,48.355765,-103.501333
39001,OH,38.834468,-83.478082
39003,OH,40.771627,-84.106103
39005,OH,40.843273,-82.270127
39007,OH,41.906637,-80.745592
39009,OH,39.332604,-82.045844
39011,OH,40.561309,-84.224018
39013,OH,40.017682,-80.967727
39015,OH,38.931377,-83.866772
39017,OH,39.439747,-84.565734
39019,OH,40.579884,-81.090787
39021,OH,40.132775,-83.767604
39023,OH,39.917032,-83.783676
39025,OH,39.052054,-84.149485
39027,OH,39.430225,-83.795682
39029,OH,40.770073,-80.778455
39031,OH,40.29671,-81.930109
39033,OH,40.848524,-82.924783
39035,OH,41.760392,-81.724217
39037,OH,40.131542,-84.621248
39039,OH,41.321679,-84.486433
39041,OH,40.278941,-83.007462
39043,OH,41.554006,-82.525897
39045,OH,39.747694,-82.626685
39047,OH,39.555246,-83.461893
39049,OH,39.969875,-83.009086
39051,OH,41.597264,-84.124267
39053,OH,38.817046,-82.301746
39055,OH,41.499322,-81.173505
39057,OH,39.687479,-83.894894
39059,OH,40.056665,-81.497875
39061,OH,39.196927,-84.544187
39063,OH,41.000471,-83.666034
39065,OH,40.660415,-83.664077
39067,OH,40.292318,-81.091565
39069,OH,41.331584,-84.0689
39071,OH,39.184422,-83.601359
39073,OH,39.490342,-82.483447
39075,OH,40.565597,-81.930001
39077,OH,41.14508,-82.594641
39079,OH,39.013477,-82.614142
39081,OH,40.399384,-80.763527
39083,OH,40.40362,-82.422393
39085,OH,41.924116,-81.392643
39087,OH,38.603866,-82.517186
39089,OH,40.091505,-82.483435
39091,OH,40.387553,-83.766343
39093,OH,41.438805,-82.179722
39095,OH,41.682321,-83.468903
39097,OH,39.896607,-83.400885
39099,OH,41.01088,-80.770396
39101,OH,40.588034,-83.168803
39103,OH,41.116174,-81.899764
39105,OH,39.089807,-82.028397
39107,OH,40.535333,-84.632059
39109,OH,40.053326,-84.228413
39111,OH,39.726253,-81.090983
39113,OH,39.753736,-84.290591
39115,OH,39.624946,-81.861697
39117,OH,40.525266,-82.797729
39119,OH,39.966046,-81.943506
39121,OH,39.767232,-81.452493
39123,OH,41.545495,-83.012613
39125,OH,41.118948,-84.582125
39127,OH,39.743187,-82.237952
39129,OH,39.648947,-83.052827
39131,OH,39.071341,-83.052911
39133,OH,41.16897,-81.196962
39135,OH,39.73881,-84.644758
39137,OH,41.024533,-84.129879
39139,OH,40.774159,-82.542781
39141,OH,39.323897,-83.059536
39143,OH,41.355319,-83.142776
39145,OH,38.814889,-82.998675
39147,OH,41.119992,-83.127547
39149,OH,40.33668,-84.204142
39151,OH,40.814131,-81.365667
39153,OH,41.121847,-81.534928
39155,OH,41.306374,-80.7704
39157,OH,40.44749,-81.471105
39159,OH,40.295901,-83.367042
39161,OH,40.85552,-84.585775
39163,OH,39.252042,-82.485961
39165,OH,39.425652,-84.169906
39167,OH,39.450676,-81.490636
39169,OH,40.829661,-81.887194
39171,OH,41.564959,-84.584324
39173,OH,41.360183,-83.622682
39175,OH,40.839782,-83.313681
40001,OK,35.898043,-94.651026
40003,OK,36.729703,-98.323445
40005,OK,34.392469,-96.036558
40007,OK,36.748334,-100.483056
40009,OK,35.270601,-99.690057
40011,OK,35.877782,-98.428934
40013,OK,33.964004,-96.264137
40015,OK,35.16792,-98.381045
40017,OK,35.543354,-97.979889
40019,OK,34.251848,-97.287927
40021,OK,35.904367,-94.996796
40023,OK,34.027645,-95.554208
40025,OK,36.74839,-102.517698
40027,OK,35.206376,-97.323088
40029,OK,34.582861,-96.288039
40031,OK,34.66263,-98.476612
40033,OK,34.290676,-98.373438
40035,OK,36.76389,-95.201553
40037,OK,35.907732,-96.379793
40039,OK,35.645601,-98.997386
40041,OK,36.393375,-94.808217
40043,OK,35.97796,-99.014385
40045,OK,36.224258,-99.750139
40047,OK,36.378054,-97.78845
40049,OK,34.70935,-97.312723
40051,OK,35.021058,-97.88689
40053,OK,36.788254,-97.788151
40055,OK,34.933853,-99.552968
40057,OK,34.745971,-99.844194
40059,OK,36.80035,-99.662805
40061,OK,35.232295,-95.109576
40063,OK,35.052934,-96.251183
40065,OK,34.594006,-99.412235
40067,OK,34.105082,-97.83889
40069,OK,34.313455,-96.654254
40071,OK,36.814885,-97.143862
40073,OK,35.949436,-97.934557
40075,OK,34.921489,-98.981617
40077,OK,34.875137,-95.272262
40079,OK,34.897356,-94.695074
40081,OK,35.703117,-96.881392
40083,OK,35.914151,-97.450764
40085,OK,33.957804,-97.245093
40087,OK,35.016436,-97.449803
40089,OK,34.117073,-94.766086
40091,OK,35.369108,-95.671787
40093,OK,36.313119,-98.542015
40095,OK,34.027007,-96.770533
40097,OK,36.303804,-95.235638
40099,OK,34.485766,-97.071557
40101,OK,35.617551,-95.383911
40103,OK,36.384901,-97.236335
40105,OK,36.789615,-95.613312
40107,OK,35.466804,-96.327762
40109,OK,35.554611,-97.409401
40111,OK,35.6435,-95.965947
40113,OK,36.624299,-96.408112
40115,OK,36.835764,-94.802681
40117,OK,36.313704,-96.696669
40119,OK,36.079225,-96.975255
40121,OK,34.92554,-95.74813
40123,OK,34.721446,-96.691971
40125,OK,35.211393,-96.957007
40127,OK,34.377899,-95.408082
40129,OK,35.708554,-99.741572
40131,OK,36.377794,-95.601383
40133,OK,35.158366,-96.602857
40135,OK,35.502435,-94.750757
40137,OK,34.481361,-97.855607
40139,OK,36.746317,-101.483855
40141,OK,34.371085,-98.931701
40143,OK,36.120318,-95.941813
40145,OK,35.963479,-95.514098
40147,OK,36.70438,-95.906155
40149,OK,35.289497,-98.991436
40151,OK,36.726984,-98.863649
40153,OK,36.425619,-99.273661
41001,OR,44.703427,-117.691933
41003,OR,44.493882,-123.424664
41005,OR,45.160493,-122.195127
41007,OR,46.024509,-123.705037
41009,OR,45.941932,-123.081079
41011,OR,43.18591,-124.094133
41013,OR,44.163054,-120.371585
41015,OR,42.466439,-124.210929
41017,OR,43.915118,-121.225575
41019,OR,43.286328,-123.154476
41021,OR,45.43059,-120.319901
41023,OR,44.496326,-119.014057
41025,OR,43.064449,-118.987169
41027,OR,45.511775,-121.655976
41029,OR,42.411621,-122.675611
41031,OR,44.645151,-121.178632
41033,OR,42.386983,-123.57162
41035,OR,42.683761,-121.646168
41037,OR,42.788401,-120.38979
41039,OR,43.928329,-122.89769
41041,OR,44.641061,-123.911212
41043,OR,44.488898,-122.537208
41045,OR,43.188625,-117.603191
41047,OR,44.900898,-122.57626
41049,OR,45.425496,-119.602311
41051,OR,45.547711,-122.417363
41053,OR,44.900375,-123.398673
41055,OR,45.399216,-120.678512
41057,OR,45.45589,-123.759299
41059,OR,45.5912,-118.73388
41061,OR,45.304081,-117.999149
41063,OR,45.593753,-117.18558
41065,OR,45.164536,-121.165069
41067,OR,45.553542,-123.097615
41069,OR,44.736415,-120.026861
41071,OR,45.247827,-123.316399
42001,PA,39.869471,-77.21773
42003,PA,40.469757,-79.980451
42005,PA,40.81238,-79.464129
42007,PA,40.68414,-80.350721
42009,PA,39.998634,-78.494747
42011,PA,40.413957,-75.92686
42013,PA,40.498654,-78.309597
42015,PA,41.791504,-76.502123
42017,PA,40.336887,-75.10706
42019,PA,40.913847,-79.918978
42021,PA,40.510222,-78.710478
42023,PA,41.438291,-78.198323
42025,PA,40.918367,-75.705039
42027,PA,40.909128,-77.847877
42029,PA,39.974029,-75.749752
42031,PA,41.198159,-79.420369
42033,PA,41.000249,-78.473749
42035,PA,41.262624,-77.69636
42037,PA,41.045517,-76.40426
42039,PA,41.687876,-80.107795
42041,PA,40.164805,-77.263442
42043,PA,40.412565,-76.792634
42045,PA,39.916685,-75.398818
42047,PA,41.427332,-78.653937
42049,PA,42.117952,-80.096386
42051,PA,39.918907,-79.640119
42053,PA,41.513304,-79.249705
42055,PA,39.926772,-77.724521
42057,PA,39.91075,-78.122617
42059,PA,39.847707,-80.225655
42061,PA,40.422311,-77.968595
42063,PA,40.651432,-79.087545
42065,PA,41.138028,-79.012419
42067,PA,40.530673,-77.400438
42069,PA,41.440284,-75.609666
42071,PA,40.041992,-76.250198
42073,PA,40.992735,-80.334446
42075,PA,40.371448,-76.464819
42077,PA,40.614241,-75.590627
42079,PA,41.172787,-75.976035
42081,PA,41.343882,-77.055262
42083,PA,41.81459,-78.572463
42085,PA,41.300014,-80.252786
42087,PA,40.601615,-77.651832
42089,PA,41.05624,-75.329065
42091,PA,40.209999,-75.370201
42093,PA,41.029284,-76.665225
42095,PA,40.752791,-75.307447
42097,PA,40.851524,-76.709877
42099,PA,40.39778,-77.266328
42101,PA,40.009376,-75.133346
42103,PA,41.325949,-75.031514
42105,PA,41.748587,-77.894436
42107,PA,40.703682,-76.217788
42109,PA,40.755407,-77.072929
42111,PA,39.981297,-79.028486
42113,PA,41.439285,-76.511717
42115,PA,41.819665,-75.800969
42117,PA,41.766859,-77.257288
42119,PA,40.962179,-77.055475
42121,PA,41.400714,-79.765813
42123,PA,41.834298,-79.298182
42125,PA,40.200005,-80.252132
42127,PA,41.646602,-75.292493
42129,PA,40.311068,-79.466688
42131,PA,41.525173,-76.008731
42133,PA,39.921751,-76.728889
44001,RI,41.706831,-71.286637
44003,RI,41.674245,-71.580924
44005,RI,41.502504,-71.283689
44007,RI,41.869768,-71.578625
44009,RI,41.396792,-71.620282
45001,SC,34.229041,-82.454058
45003,SC,33.550013,-81.632983
45005,SC,32.979757,-81.363265
45007,SC,34.521235,-82.638603
45009,SC,33.203021,-81.053161
45011,SC,33.260552,-81.434228
45013,SC,32.358112,-80.689422
45015,SC,33.2077,-79.953655
45017,SC,33.67478,-80.780347
45019,SC,32.800458,-79.94248
45021,SC,35.049796,-81.607647
45023,SC,34.689342,-81.161249
45025,SC,34.637018,-80.159227
45027,SC,33.664682,-80.217889
45029,SC,32.835018,-80.655244
45031,SC,34.332185,-79.962115
45033,SC,34.390172,-79.374964
45035,SC,33.082186,-80.404697
45037,SC,33.776498,-81.968245
45039,SC,34.395669,-81.127001
45041,SC,34.028535,-79.710233
45043,SC,33.417531,-79.296333
45045,SC,34.892645,-82.372077
45047,SC,34.155796,-82.127876
45049,SC,32.778334,-81.143822
45051,SC,33.909269,-78.976675
45053,SC,32.43059,-81.021627
45055,SC,34.338356,-80.590885
45057,SC,34.686818,-80.703688
45059,SC,34.483676,-82.005498
45061,SC,34.15864,-80.251209
45063,SC,33.899477,-81.266277
45065,SC,33.897599,-82.316196
45067,SC,34.08362,-79.354001
45069,SC,34.60167,-79.679435
45071,SC,34.289881,-81.599676
45073,SC,34.748766,-83.06154
45075,SC,33.436135,-80.802913
45077,SC,34.885368,-82.723377
45079,SC,34.029095,-80.898037
45081,SC,34.005278,-81.727903
45083,SC,34.933271,-81.991052
45085,SC,33.91614,-80.382376
45087,SC,34.690397,-81.615896
45089,SC,33.626462,-79.716474
45091,SC,34.970188,-81.183187
46003,SD,43.724719,-98.577587
46005,SD,44.418265,-98.279422
46007,SD,43.186912,-101.677181
46009,SD,42.985799,-97.884199
46011,SD,44.376675,-96.797797
46013,SD,45.589254,-98.352175
46015,SD,43.729873,-99.092909
46017,SD,44.044306,-99.203998
46019,SD,44.896226,-103.501436
46021,SD,45.785575,-100.002107
46023,SD,43.206185,-98.595143
46025,SD,44.855211,-97.724912
46027,SD,42.91615,-96.980468
46029,SD,44.966285,-97.198837
46031,SD,45.685671,-101.179665
46033,SD,43.684943,-103.46225
46035,SD,43.680439,-98.155868
46037,SD,45.355161,-97.58143
46039,SD,44.75629,-96.690239
46041,SD,45.148049,-100.837953
46043,SD,43.391506,-98.358433
46045,SD,45.41168,-99.205362
46047,SD,43.221619,-103.512609
46049,SD,45.065476,-99.153564
46051,SD,45.172637,-96.772261
46053,SD,43.175142,-99.206591
46055,SD,44.282881,-101.595442
46057,SD,44.680619,-97.178598
46059,SD,44.546713,-99.004575
46061,SD,43.680612,-97.796845
46063,SD,45.596611,-103.473871
46065,SD,44.384452,-99.975684
46067,SD,43.33671,-97.749383
46069,SD,44.537174,-99.472736
46071,SD,43.677506,-101.626323
46073,SD,44.06341,-98.62317
46075,SD,43.951991,-100.686138
46077,SD,44.362969,-97.499313
46079,SD,44.02845,-97.123223
46081,SD,44.348767,-103.804947
46083,SD,43.27942,-96.722286
46085,SD,43.894812,-99.841925
46087,SD,43.680416,-97.358048
46089,SD,45.784249,-99.211421
46091,SD,45.737044,-97.58087
46093,SD,44.605282,-102.714169
46095,SD,43.58469,-100.760955
46097,SD,44.021541,-97.608122
46099,SD,43.667472,-96.795726
46101,SD,44.012429,-96.676054
46102,SD,43.33358,-102.561686
46103,SD,44.002349,-102.823801
46105,SD,45.483387,-102.467995
46107,SD,45.052713,-99.962003
46109,SD,45.623397,-96.947551
46111,SD,44.018942,-98.091709
46115,SD,44.923772,-98.339615
46117,SD,44.415547,-100.749163
46119,SD,44.722325,-100.131399
46121,SD,43.208794,-100.707664
46123,SD,43.349729,-99.876219
46125,SD,43.30867,-97.150185
46127,SD,42.831106,-96.650829
46129,SD,45.427605,-100.027856
46135,SD,43.006603,-97.388361
46137,SD,44.989764,-101.660827
47001,TN,36.116731,-84.195418
47003,TN,35.51366,-86.458294
47005,TN,36.070948,-88.071232
47007,TN,35.593561,-85.20591
47009,TN,35.688185,-83.922973
47011,TN,35.153914,-84.859414
47013,TN,36.401592,-84.159249
47015,TN,35.808394,-86.062404
47017,TN,35.965748,-88.452379
47019,TN,36.284744,-82.126593
47021,TN,36.255169,-87.100808
47023,TN,35.420253,-88.611353
47025,TN,36.501572,-83.660698
47027,TN,36.545749,-85.545717
47029,TN,35.916198,-83.119224
47031,TN,35.488765,-86.078202
47033,TN,35.818795,-89.132494
47035,TN,35.952398,-84.994761
47037,TN,36.169129,-86.78479
47039,TN,35.603136,-88.110292
47041,TN,35.982219,-85.833596
47043,TN,36.145533,-87.364155
47045,TN,36.054196,-89.398306
47047,TN,35.196993,-89.413803
47049,TN,36.369892,-84.937764
47051,TN,35.155926,-86.099203
47053,TN,35.991632,-88.933812
47055,TN,35.202723,-87.035319
47057,TN,36.277509,-83.509546
47059,TN,36.179487,-82.847523
47061,TN,35.393386,-85.710379
47063,TN,36.218397,-83.266071
47065,TN,35.163472,-85.201843
47067,TN,36.521353,-83.227493
47069,TN,35.218785,-88.988697
47071,TN,35.201893,-88.185696
47073,TN,36.452089,-82.931485
47075,TN,35.586678,-89.282691
47077,TN,35.653994,-88.387674
47079,TN,36.325295,-88.300288
47081,TN,35.802327,-87.467116
47083,TN,36.285782,-87.705598
47085,TN,36.040822,-87.790453
47087,TN,36.35425,-85.674128
47089,TN,36.048338,-83.441143
47091,TN,36.453203,-81.861247
47093,TN,35.992726,-83.937721
47095,TN,36.333905,-89.485536
47097,TN,35.762951,-89.627732
47099,TN,35.220476,-87.396546
47101,TN,35.523244,-87.496983
47103,TN,35.142784,-86.593403
47105,TN,35.735085,-84.314085
47107,TN,35.424472,-84.619949
47109,TN,35.175375,-88.56374
47111,TN,36.537757,-86.00096
47113,TN,35.606056,-88.833424
47115,TN,35.133422,-85.618399
47117,TN,35.468343,-86.765865
47119,TN,35.615696,-87.077763
47121,TN,35.512203,-84.816102
47123,TN,35.447818,-84.249705
47125,TN,36.500354,-87.380887
47127,TN,35.288888,-86.358684
47129,TN,36.138697,-84.639262
47131,TN,36.357996,-89.150024
47133,TN,36.34485,-85.283076
47135,TN,35.663752,-87.869326
47137,TN,36.559364,-85.075741
47139,TN,35.109437,-84.541112
47141,TN,36.14094,-85.49618
47143,TN,35.60059,-84.949548
47145,TN,35.84725,-84.523929
47147,TN,36.527509,-86.869354
47149,TN,35.843369,-86.417213
47151,TN,36.435234,-84.50352
47153,TN,35.372336,-85.410082
47155,TN,35.795345,-83.518496
47157,TN,35.183794,-89.895397
47159,TN,36.256645,-85.941915
47161,TN,36.458464,-87.811889
47163,TN,36.509681,-82.301336
47165,TN,36.473443,-86.459798
47167,TN,35.500259,-89.766803
47169,TN,36.39303,-86.156691
47171,TN,36.100129,-82.418218
47173,TN,36.28414,-83.836088
47175,TN,35.699234,-85.458409
47177,TN,35.67825,-85.777343
47179,TN,36.295665,-82.495037
47181,TN,35.242847,-87.819843
47183,TN,36.303596,-88.721194
47185,TN,35.927049,-85.455785
47187,TN,35.894807,-86.898068
47189,TN,36.149527,-86.291242
48001,TX,31.841261,-95.661727
48003,TX,32.312258,-102.640206
48005,TX,31.251896,-94.611134
48007,TX,28.122621,-96.967501
48009,TX,33.616305,-98.687267
48011,TX,34.964179,-101.356636
48013,TX,28.891478,-98.535381
48015,TX,29.891901,-96.27017
48017,TX,34.067521,-102.830345
48019,TX,29.756389,-99.248285
48021,TX,30.100772,-97.310639
48023,TX,33.618802,-99.208189
48025,TX,28.416077,-97.742586
48027,TX,31.042748,-97.48127
48029,TX,29.448671,-98.520147
48031,TX,30.266456,-98.399217
48033,TX,32.73859,-101.439199
48035,TX,31.900819,-97.637641
48037,TX,33.446065,-94.422393
48039,TX,29.167817,-95.434647
48041,TX,30.656713,-96.302394
48043,TX,29.808997,-103.252458
48045,TX,34.525172,-101.205893
48047,TX,27.034994,-98.215276
48049,TX,31.764137,-98.998456
48051,TX,30.493487,-96.622091
48053,TX,30.78963,-98.201187
48055,TX,29.832399,-97.628141
48057,TX,28.441719,-96.579574
48059,TX,32.29315,-99.372249
48061,TX,26.102923,-97.478958
48063,TX,32.974581,-94.979085
48065,TX,35.405496,-101.355356
48067,TX,33.083698,-94.357579
48069,TX,34.533621,-102.258786
48071,TX,29.696374,-94.669445
48073,TX,31.843881,-95.156343
48075,TX,34.524624,-100.208166
48077,TX,33.785904,-98.212917
48079,TX,33.60844,-102.830449
48081,TX,31.87711,-100.635231
48083,TX,31.914205,-99.346622
48085,TX,33.194532,-96.579444
48087,TX,34.963358,-100.272135
48089,TX,29.596296,-96.508935
48091,TX,29.805491,-98.260544
48093,TX,31.951645,-98.549617
48095,TX,31.318883,-99.863649
48097,TX,33.639196,-97.210343
48099,TX,31.391177,-97.798022
48101,TX,34.091906,-100.276442
48103,TX,31.422796,-102.487774
48105,TX,30.717532,-101.404211
48107,TX,33.609144,-101.29871
48109,TX,31.445908,-104.526945
48111,TX,36.28637,-102.59402
48113,TX,32.766987,-96.778424
48115,TX,32.742528,-101.948771
48117,TX,34.940766,-102.607564
48119,TX,33.385933,-95.67335
48121,TX,33.205132,-97.12114
48123,TX,29.082346,-97.361654
48125,TX,33.615363,-100.787617
48127,TX,28.423587,-99.765871
48129,TX,34.955036,-100.815846
48131,TX,27.681123,-98.497393
48133,TX,32.324645,-98.83656
48135,TX,31.865301,-102.542507
48137,TX,29.985877,-100.307373
48139,TX,32.346878,-96.79694
48141,TX,31.76648,-106.241424
48143,TX,32.236661,-98.220507
48145,TX,31.25193,-96.934127
48147,TX,33.591161,-96.104988
48149,TX,29.877886,-96.921231
48151,TX,32.740473,-100.40312
48153,TX,34.07373,-101.303274
48155,TX,33.963306,-99.816828
48157,TX,29.526602,-95.771015
48159,TX,33.175846,-95.219066
48161,TX,31.701749,-96.144957
48163,TX,28.869334,-99.108788
48165,TX,32.743942,-102.631561
48167,TX,29.233453,-94.888456
48169,TX,33.183792,-101.301134
48171,TX,30.325091,-98.941851
48173,TX,31.868006,-101.521494
48175,TX,28.6607,-97.430415
48177,TX,29.461912,-97.49192
48179,TX,35.402542,-100.812374
48181,TX,33.624524,-96.675693
48183,TX,32.486397,-94.816276
48185,TX,30.543231,-95.988082
48187,TX,29.583532,-97.946771
48189,TX,34.068436,-101.822888
48191,TX,34.655623,-100.763893
48193,TX,31.707342,-98.111756
48195,TX,36.272847,-101.35693
48197,TX,34.289904,-99.745697
48199,TX,30.329648,-94.393178
48201,TX,29.857273,-95.393037
48203,TX,32.547991,-94.374434
48205,TX,35.840244,-102.610047
48207,TX,33.175964,-99.730774
48209,TX,30.061225,-98.029267
48211,TX,35.815956,-100.27921
48213,TX,32.211633,-95.853418
48215,TX,26.396384,-98.18099
48217,TX,31.982681,-97.130668
48219,TX,33.605932,-102.343398
48221,TX,32.430149,-97.831677
48223,TX,33.148967,-95.565434
48225,TX,31.323036,-95.4216
48227,TX,32.30343,-101.438721
48229,TX,31.450868,-105.377549
48231,TX,33.123308,-96.08423
48233,TX,35.837047,-101.362746
48235,TX,31.303424,-100.981304
48237,TX,33.232161,-98.171176
48239,TX,28.959802,-96.58908
48241,TX,30.752932,-94.022294
48243,TX,30.625357,-104.191873
48245,TX,29.854,-94.149331
48247,TX,27.053231,-98.747571
48249,TX,27.733516,-98.090814
48251,TX,32.379821,-97.364959
48253,TX,32.743709,-99.87443
48255,TX,28.908996,-97.852205
48257,TX,32.598944,-96.288377
48259,TX,29.943525,-98.709269
48261,TX,26.890213,-97.591143
48263,TX,33.18478,-100.76972
48265,TX,30.059953,-99.353339
48267,TX,30.479472,-99.746396
48269,TX,33.614268,-100.245345
48271,TX,29.347086,-100.4177
48273,TX,27.438735,-97.66062
48275,TX,33.61189,-99.730356
48277,TX,33.667263,-95.570348
48279,TX,34.068861,-102.348018
48281,TX,31.196731,-98.240889
48283,TX,28.351098,-99.096774
48285,TX,29.382578,-96.923633
48287,TX,30.321498,-96.976823
48289,TX,31.300493,-95.995622
48291,TX,30.158508,-94.844061
48293,TX,31.547543,-96.593623
48295,TX,36.2802,-100.272683
48297,TX,28.351535,-98.126961
48299,TX,30.707584,-98.68469
48301,TX,31.844936,-103.561229
48303,TX,33.611469,-101.819944
48305,TX,33.178412,-101.818493
48307,TX,31.205477,-99.359856
48309,TX,31.549596,-97.201511
48311,TX,28.384922,-98.578853
48313,TX,30.966878,-95.930372
48315,TX,32.798182,-94.356853
48317,TX,32.30983,-101.961836
48319,TX,30.703916,-99.237302
48321,TX,28.77476,-96.001532
48323,TX,28.729787,-100.316678
48325,TX,29.353661,-99.111085
48327,TX,30.885268,-99.858861
48329,TX,31.814269,-102.002454
48331,TX,30.791242,-96.984395
48333,TX,31.494888,-98.594623
48335,TX,32.304117,-100.924392
48337,TX,33.678356,-97.725014
48339,TX,30.298801,-95.50295
48341,TX,35.835676,-101.890502
48343,TX,33.116466,-94.731265
48345,TX,34.057899,-100.793152
48347,TX,31.62056,-94.62025
48349,TX,32.048448,-96.476909
48351,TX,30.786718,-93.73925
48353,TX,32.312338,-100.418108
48355,TX,27.740032,-97.516214
48357,TX,36.278744,-100.815864
48359,TX,35.401921,-102.59762
48361,TX,30.122323,-93.8941
48363,TX,32.752204,-98.317967
48365,TX,32.163978,-94.305156
48367,TX,32.777096,-97.805905
48369,TX,34.532163,-102.784853
48371,TX,30.773298,-102.718153
48373,TX,30.784553,-94.837338
48375,TX,35.398675,-101.893804
48377,TX,30.005891,-104.261619
48379,TX,32.87058,-95.79544
48381,TX,34.962529,-101.895547
48383,TX,31.375191,-101.514395
48385,TX,29.830097,-99.812549
48387,TX,33.619625,-95.048429
48389,TX,31.308366,-103.712706
48391,TX,28.322116,-97.162472
48393,TX,35.838596,-100.836682
48395,TX,31.025481,-96.514941
48397,TX,32.898677,-96.404402
48399,TX,31.845119,-99.982715
48401,TX,32.109423,-94.756382
48403,TX,31.3433,-93.851913
48405,TX,31.382449,-94.16318
48407,TX,30.574388,-95.163136
48409,TX,28.011794,-97.517157
48411,TX,31.155138,-98.819292
48413,TX,30.896233,-100.527216
48415,TX,32.744353,-100.913346
48417,TX,32.74382,-99.347005
48419,TX,31.790139,-94.142579
48421,TX,36.278593,-101.899265
48423,TX,32.377016,-95.270041
48425,TX,32.218071,-97.769217
48427,TX,26.530903,-98.740235
48429,TX,32.738052,-98.839344
48431,TX,31.835773,-101.054911
48433,TX,33.17958,-100.253807
48435,TX,30.522185,-100.513359
48437,TX,34.526319,-101.743865
48439,TX,32.772119,-97.291224
48441,TX,32.297126,-99.89043
48443,TX,30.232343,-102.072513
48445,TX,33.171229,-102.339284
48447,TX,33.170695,-99.205796
48449,TX,33.214599,-94.966783
48451,TX,31.398823,-100.463788
48453,TX,30.239513,-97.69127
48455,TX,31.096675,-95.151687
48457,TX,30.769295,-94.375656
48459,TX,32.735349,-94.941184
48461,TX,31.353816,-102.041546
48463,TX,29.350308,-99.768427
48465,TX,29.875285,-101.143324
48467,TX,32.558787,-95.836906
48469,TX,28.79637,-96.971198
48471,TX,30.743163,-95.569825
48473,TX,30.01359,-95.982149
48475,TX,31.513069,-103.105113
48477,TX,30.215075,-96.410272
48479,TX,27.760799,-99.340752
48481,TX,29.27848,-96.229674
48483,TX,35.392593,-100.253107
48485,TX,33.988212,-98.70801
48487,TX,34.08492,-99.24244
48489,TX,26.481861,-97.594731
48491,TX,30.649082,-97.605065
48493,TX,29.173883,-98.086734
48495,TX,31.832862,-103.054925
48497,TX,33.219095,-97.653997
48499,TX,32.783588,-95.382166
48501,TX,33.162398,-102.832242
48503,TX,33.158778,-98.67839
48505,TX,26.996981,-99.182603
48507,TX,28.864652,-99.75983
49001,UT,38.357535,-113.238948
49003,UT,41.276061,-113.126226
49005,UT,41.734117,-111.745399
49007,UT,39.673284,-110.588484
49009,UT,40.890099,-109.505785
49011,UT,41.037559,-112.201943
49013,UT,40.289393,-110.429584
49015,UT,39.009025,-110.7211
49017,UT,37.831664,-111.450908
49019,UT,38.974326,-109.57345
49021,UT,37.909304,-113.30674
49023,UT,39.71412,-112.790471
49025,UT,37.275089,-111.815329
49027,UT,38.956744,-113.133092
49029,UT,41.091027,-111.577885
49031,UT,38.335881,-112.129375
49033,UT,41.627598,-111.240227
49035,UT,40.667883,-111.92424
49037,UT,37.602633,-109.791574
49039,UT,39.382531,-111.572883
49041,UT,38.746824,-111.81193
49043,UT,40.87206,-110.968486
49045,UT,40.467753,-113.123979
49047,UT,40.125887,-109.517748
49049,UT,40.120425,-111.668508
49051,UT,40.334884,-111.161568
49053,UT,37.262531,-113.4878
49055,UT,38.25984,-110.990877
49057,UT,41.270325,-111.876883
50001,VT,44.031248,-73.141581
50003,VT,43.035325,-73.11146
50005,VT,44.468791,-72.112168
50007,VT,44.463329,-73.06941
50009,VT,44.724021,-71.732736
50011,VT,44.858964,-72.909402
50013,VT,44.801787,-73.300759
50015,VT,44.603704,-72.638922
50017,VT,44.003392,-72.369687
50019,VT,44.828442,-72.25163
50021,VT,43.580858,-73.038202
50023,VT,44.274988,-72.609514
50025,VT,42.995335,-72.721955
50027,VT,43.572685,-72.598821
51001,VA,37.765944,-75.757807
51003,VA,38.024184,-78.553506
51005,VA,37.787905,-80.008669
51007,VA,37.331927,-77.977462
51009,VA,37.629304,-79.154667
51011,VA,37.370725,-78.81094
51013,VA,38.878337,-77.100703
51015,VA,38.171911,-79.147557
51017,VA,38.068368,-79.731203
51019,VA,37.312257,-79.527223
51021,VA,37.130612,-81.125853
51023,VA,37.565482,-79.797546
51025,VA,36.764204,-77.861483
51027,VA,37.26812,-82.038151
51029,VA,37.573928,-78.529169
51031,VA,37.210152,-79.095428
51033,VA,38.030319,-77.352348
51035,VA,36.731963,-80.727831
51036,VA,37.361054,-77.05417
51037,VA,37.009042,-78.658568
51041,VA,37.378434,-77.585847
51043,VA,39.115307,-77.990748
51045,VA,37.473603,-80.231051
51047,VA,38.48593,-77.956476
51049,VA,37.520189,-78.252836
51051,VA,37.136701,-82.34922
51053,VA,37.073498,-77.635492
51057,VA,37.93948,-76.941871
51059,VA,38.82952,-77.273252
51061,VA,38.744096,-77.8215
51063,VA,36.931433,-80.350266
51065,VA,37.830584,-78.283494
51067,VA,36.991186,-79.882715
51069,VA,39.20366,-78.263829
51071,VA,37.318072,-80.698321
51073,VA,37.403541,-76.523505
51075,VA,37.718814,-77.917626
51077,VA,36.652229,-81.215324
51079,VA,38.297981,-78.470163
51081,VA,36.680336,-77.560277
51083,VA,36.766461,-78.939614
51085,VA,37.760215,-77.491317
51087,VA,37.631269,-77.651922
51089,VA,36.781479,-79.759231
51091,VA,38.366243,-79.564472
51093,VA,36.901418,-76.707569
51095,VA,37.324837,-76.777888
51097,VA,37.717772,-76.905581
51099,VA,38.27718,-77.162636
51101,VA,37.70826,-77.091054
51103,VA,37.704843,-76.412663
51105,VA,36.701721,-83.130112
51107,VA,39.0812,-77.638898
51109,VA,37.972704,-77.959795
51111,VA,36.945555,-78.240528
51113,VA,38.412059,-78.276961
51115,VA,37.425348,-76.268808
51117,VA,36.687256,-78.368959
51119,VA,37.606975,-76.528082
51121,VA,37.175534,-80.387791
51125,VA,37.789079,-78.88344
51127,VA,37.510158,-76.999326
51131,VA,37.302775,-75.924018
51133,VA,37.856974,-76.379687
51135,VA,37.141167,-78.053866
51137,VA,38.250193,-78.009622
51139,VA,38.623209,-78.491872
51141,VA,36.667138,-80.286413
51143,VA,36.821721,-79.398502
51145,VA,37.549404,-77.912855
51147,VA,37.224881,-78.432957
51149,VA,37.187325,-77.220993
51153,VA,38.701119,-77.479579
51155,VA,37.063385,-80.713444
51157,VA,38.684522,-78.168824
51159,VA,37.942894,-76.730561
51161,VA,37.343588,-79.943996
51163,VA,37.814517,-79.447754
51165,VA,38.507585,-78.885321
51167,VA,36.93342,-82.095934
51169,VA,36.712776,-82.613624
51171,VA,38.856204,-78.573987
51173,VA,36.842318,-81.539786
51175,VA,36.720068,-77.103813
51177,VA,38.182431,-77.657226
51179,VA,38.413261,-77.451334
51181,VA,37.119761,-76.880172
51183,VA,36.926645,-77.259732
51185,VA,37.125395,-81.562924
51187,VA,38.908221,-78.207594
51191,VA,36.747814,-81.950322
51193,VA,38.109311,-76.803933
51195,VA,36.974561,-82.62156
51197,VA,36.899867,-81.083001
51199,VA,37.219081,-76.561648
51510,VA,38.819251,-77.08367
51520,VA,36.616954,-82.157564
51530,VA,37.729345,-79.358134
51540,VA,38.037658,-78.485381
51550,VA,36.679376,-76.301788
51570,VA,37.261685,-77.396804
51580,VA,37.78106,-79.985434
51590,VA,36.583334,-79.408071
51595,VA,36.696182,-77.535975
51600,VA,38.853183,-77.299025
51610,VA,38.884722,-77.175603
51620,VA,36.684014,-76.941396
51630,VA,38.299272,-77.486658
51640,VA,36.66564,-80.914308
51650,VA,37.047961,-76.297293
51660,VA,38.436255,-78.873303
51670,VA,37.29101,-77.298944
51678,VA,37.782332,-79.44432
51680,VA,37.399016,-79.195458
51683,VA,38.746808,-77.482633
51685,VA,38.768945,-77.448767
51690,VA,36.683527,-79.863647
51700,VA,37.076136,-76.52198
51710,VA,36.923015,-76.244641
51720,VA,36.931549,-82.625996
51730,VA,37.20473,-77.392368
51735,VA,37.12836,-76.303534
51740,VA,36.859339,-76.356973
51750,VA,37.120119,-80.559147
51760,VA,37.531399,-77.476009
51770,VA,37.278458,-79.958174
51775,VA,37.285333,-80.055241
51790,VA,38.157978,-79.061876
51800,VA,36.697157,-76.634781
51810,VA,36.779985,-76.025208
51820,VA,38.067157,-78.90142
51830,VA,37.269481,-76.708193
51840,VA,39.173869,-78.176356
53001,WA,47.011238,-118.512861
53003,WA,46.181861,-117.227781
53005,WA,46.228125,-119.516659
53007,WA,47.860974,-120.619041
53009,WA,48.110903,-123.88986
53011,WA,45.77173,-122.485953
53013,WA,46.29285,-117.911634
53015,WA,46.196785,-122.67846
53017,WA,47.741763,-119.694622
53019,WA,48.473256,-118.533589
53021,WA,46.53458,-118.906944
53023,WA,46.429478,-117.536711
53025,WA,47.213633,-119.467788
53027,WA,47.113732,-123.826735
53029,WA,48.158554,-122.670649
53031,WA,47.805708,-123.527057
53033,WA,47.490599,-121.833996
53035,WA,47.639595,-122.649634
53037,WA,47.124441,-120.676709
53039,WA,45.870446,-120.779305
53041,WA,46.580071,-122.377444
53043,WA,47.582743,-118.417692
53045,WA,47.354126,-123.17385
53047,WA,48.548453,-119.742235
53049,WA,46.556587,-123.782419
53051,WA,48.543825,-117.232191
53053,WA,47.051413,-122.15324
53055,WA,48.50719,-123.103769
53057,WA,48.493292,-121.81577
53059,WA,46.024785,-121.953232
53061,WA,48.070464,-121.936784
53063,WA,47.620375,-117.403371
53065,WA,48.388727,-117.854454
53067,WA,46.935822,-122.830152
53069,WA,46.294638,-123.424458
53071,WA,46.254606,-118.48037
53073,WA,48.842653,-121.836432
53075,WA,46.905944,-117.53539
53077,WA,46.456558,-120.740145
54001,WV,39.139725,-79.996947
54003,WV,39.447938,-78.037754
54005,WV,38.022814,-81.713538
54007,WV,38.69933,-80.73166
54009,WV,40.272645,-80.578691
54011,WV,38.419578,-82.243397
54013,WV,38.844159,-81.115478
54015,WV,38.459826,-81.081866
54017,WV,39.26348,-80.701232
54019,WV,38.030933,-81.086051
54021,WV,38.915867,-80.849413
54023,WV,39.105988,-79.195064
54025,WV,37.924418,-80.45059
54027,WV,39.312139,-78.611989
54029,WV,40.516958,-80.570164
54031,WV,39.011361,-78.841729
54033,WV,39.279182,-80.386498
54035,WV,38.834234,-81.677717
54037,WV,39.307398,-77.86322
54039,WV,38.328068,-81.523516
54041,WV,38.988877,-80.495477
54043,WV,38.17177,-82.077623
54045,WV,37.830591,-81.940853
54047,WV,37.382727,-81.658183
54049,WV,39.505839,-80.243402
54051,WV,39.854426,-80.671794
54053,WV,38.770914,-82.029007
54055,WV,37.403448,-81.106456
54057,WV,39.404781,-78.95669
54059,WV,37.721161,-82.158989
54061,WV,39.633645,-80.059074
54063,WV,37.554062,-80.550329
54065,WV,39.555002,-78.257345
54067,WV,38.291432,-80.797515
54069,WV,40.098932,-80.620728
54071,WV,38.67445,-79.340617
54073,WV,39.368133,-81.161172
54075,WV,38.332606,-80.010121
54077,WV,39.46903,-79.668865
54079,WV,38.510513,-81.906109
54081,WV,37.762469,-81.264672
54083,WV,38.781095,-79.867788
54085,WV,39.177112,-81.066317
54087,WV,38.74295,-81.354494
54089,WV,37.655999,-80.856325
54091,WV,39.332478,-80.046554
54093,WV,39.111175,-79.559968
54095,WV,39.465634,-80.877219
54097,WV,38.90253,-80.231606
54099,WV,38.143642,-82.422666
54101,WV,38.483459,-80.449052
54103,WV,39.59818,-80.635399
54105,WV,39.020034,-81.382975
54107,WV,39.211602,-81.516234
54109,WV,37.60366,-81.549032
55001,WI,43.973757,-89.767228
55003,WI,46.544424,-90.679691
55005,WI,45.437192,-91.852892
55007,WI,46.634199,-91.177282
55009,WI,44.474024,-87.99613
55011,WI,44.385633,-91.761294
55013,WI,45.866897,-92.37573
55015,WI,44.07841,-88.212132
55017,WI,45.069092,-91.283505
55019,WI,44.739346,-90.609953
55021,WI,43.471882,-89.330472
55023,WI,43.24991,-90.95123
55025,WI,43.067468,-89.417852
55027,WI,43.429628,-88.701939
55029,WI,45.093417,-87.048683
55031,WI,46.463218,-91.892477
55033,WI,44.947751,-91.897645
55035,WI,44.726355,-91.286414
55037,WI,45.871828,-88.406988
55039,WI,43.754722,-88.493284
55041,WI,45.666881,-88.773326
55043,WI,42.870028,-90.694229
55045,WI,42.675522,-89.605074
55047,WI,43.780247,-88.97038
55049,WI,43.001021,-90.133691
55051,WI,46.32655,-90.261298
55053,WI,44.32459,-90.79951
55055,WI,43.013804,-88.773985
55057,WI,43.932836,-90.113984
55059,WI,42.579703,-87.425005
55061,WI,44.501032,-87.163304
55063,WI,43.908222,-91.111758
55065,WI,42.655578,-90.130292
55067,WI,45.262381,-89.067725
55069,WI,45.338417,-89.742309
55071,WI,44.156137,-87.577352
55073,WI,44.898036,-89.757823
55075,WI,45.346899,-87.991198
55077,WI,43.826053,-89.409095
55078,WI,44.991304,-88.669251
55079,WI,43.01766,-87.481554
55081,WI,43.945175,-90.619969
55083,WI,44.996575,-88.206516
55085,WI,45.716176,-89.534533
55087,WI,44.418226,-88.464988
55089,WI,43.360752,-87.499304
55091,WI,44.627436,-91.83489
55093,WI,44.725336,-92.426279
55095,WI,45.462041,-92.447066
55097,WI,44.476246,-89.49807
55099,WI,45.679072,-90.35965
55101,WI,42.754122,-87.420877
55103,WI,43.376199,-90.435693
55105,WI,42.66988,-89.075284
55107,WI,45.472734,-91.136745
55109,WI,45.028959,-92.447284
55111,WI,43.428001,-89.943318
55113,WI,45.864913,-91.14713
55115,WI,44.789641,-88.755813
55117,WI,43.741232,-87.731516
55119,WI,45.211656,-90.504853
55121,WI,44.30305,-91.358867
55123,WI,43.599366,-90.821983
55125,WI,46.049848,-89.501254
55127,WI,42.66811,-88.541731
55129,WI,45.892489,-91.796422
55131,WI,43.391156,-88.232917
55133,WI,43.018368,-88.30424
55135,WI,44.478004,-88.967005
55137,WI,44.112823,-89.239786
55139,WI,44.085707,-88.668149
55141,WI,44.461413,-90.038825
56001,WY,41.665514,-105.721883
56003,WY,44.525117,-107.994848
56005,WY,44.191999,-105.517014
56007,WY,41.70359,-106.933153
56009,WY,42.984623,-105.524752
56011,WY,44.589266,-104.567298
56013,WY,43.054831,-108.608935
56015,WY,42.089455,-104.35354
56017,WY,43.720209,-108.435076
56019,WY,44.044048,-106.588541
56021,WY,41.29283,-104.660395
56023,WY,42.229993,-110.682961
56025,WY,42.977645,-106.768219
56027,WY,43.062159,-104.468373
56029,WY,44.492387,-109.593597
56031,WY,42.131593,-104.953963
56033,WY,44.781369,-106.881211
56035,WY,42.767928,-109.91617
56037,WY,41.660328,-108.875677
56039,WY,44.048662,-110.426087
56041,WY,41.284726,-110.558947
56043,WY,43.878831,-107.669052
56045,WY,43.846213,-104.57002
72001,PR,18.181611,-66.758165
72003,PR,18.375681,-67.183707
72005,PR,18.480191,-67.143762
72007,PR,18.256524,-66.128496
72009,PR,18.130647,-66.263974
72011,PR,18.286905,-67.131282
72013,PR,18.434004,-66.674994
72015,PR,17.97206,-66.041945
72017,PR,18.469989,-66.55823
72019,PR,18.200018,-66.309282
72021,PR,18.350722,-66.167747
72023,PR,18.008873,-67.209884
72025,PR,18.211109,-66.050964
72027,PR,18.445469,-66.863134
72029,PR,18.329872,-65.885139
72031,PR,18.396776,-65.968778
72033,PR,18.444614,-66.148819
72035,PR,18.103624,-66.151667
72037,PR,18.273749,-65.530895
72039,PR,18.295913,-66.515588
72041,PR,18.174404,-66.161622
72043,PR,18.1038,-66.357586
72045,PR,18.225032,-66.219481
72047,PR,18.30391,-66.326179
72049,PR,18.326599,-65.30772
72051,PR,18.474376,-66.261973
72053,PR,18.386378,-65.588454
72054,PR,18.373953,-66.560085
72055,PR,17.948052,-66.922989
72057,PR,17.973929,-66.137467
72059,PR,18.005338,-66.798293
72061,PR,18.344357,-66.114056
72063,PR,18.272581,-65.981177
72065,PR,18.441141,-66.79821
72067,PR,18.134695,-67.116199
72069,PR,18.135403,-65.786229
72071,PR,18.48387,-67.014138
72073,PR,18.211152,-66.58687
72075,PR,17.997974,-66.490496
72077,PR,18.224133,-65.908542
72079,PR,17.978511,-67.040111
72081,PR,18.277102,-66.869645
72083,PR,18.227594,-66.97758
72085,PR,18.187148,-65.871189
72087,PR,18.475039,-65.90328
72089,PR,18.367996,-65.709904
72091,PR,18.444646,-66.492884
72093,PR,18.173956,-66.935547
72095,PR,17.999786,-65.896403
72097,PR,18.164126,-67.893333
72099,PR,18.377637,-67.079574
72101,PR,18.319026,-66.420557
72103,PR,18.21107,-65.735749
72105,PR,18.28992,-66.25344
72107,PR,18.218733,-66.436899
72109,PR,18.000311,-65.986642
72111,PR,18.026618,-66.728125
72113,PR,18.001717,-66.606662
72115,PR,18.466357,-66.927603
72117,PR,18.340562,-67.277302
72119,PR,18.376369,-65.798434
72121,PR,18.084483,-66.947609
72123,PR,17.971485,-66.262252
72125,PR,18.1078,-67.037263
72127,PR,18.422249,-66.069081
72129,PR,18.147107,-65.976167
72131,PR,18.331422,-66.970693
72133,PR,17.952922,-66.387588
72135,PR,18.364556,-66.244669
72137,PR,18.45691,-66.193193
72139,PR,18.335387,-66.003787
72141,PR,18.270865,-66.702989
72143,PR,18.436163,-66.336673
72145,PR,18.455128,-66.397883
72147,PR,18.125418,-65.432474
72149,PR,18.130718,-66.472244
72151,PR,18.059858,-65.859871
72153,PR,18.085669,-66.857901
