date,fips,state_abbr,cumulative_cases,cumulative_negative_tests,cumulative_pending_tests,cumulative_hospitalized,cumulative_deaths,cumulative_test_results,deaths,hospitalized,negative_tests,cases,test_results
2020-03-28,00002,AK,85.0,2836.0,,5.0,2.0,2921,1.0,2.0,517.0,16.0,533.0
2020-03-28,00001,AL,696.0,4184.0,,,3.0,4880,0.0,0.0,0.0,109.0,109.0
2020-03-28,00005,AR,404.0,2938.0,0.0,48.0,5.0,3342,2.0,0.0,1393.0,23.0,1416.0
2020-03-28,00060,AS,0.0,,0.0,,0.0,0,0.0,0.0,0.0,0.0,0.0
2020-03-28,00004,AZ,873.0,7455.0,21.0,,15.0,8328,2.0,0.0,0.0,137.0,137.0
2020-03-28,00006,CA,4643.0,20549.0,64400.0,1034.0,101.0,25192,23.0,288.0,3169.0,764.0,3933.0
2020-03-28,00008,CO,1734.0,9942.0,,239.0,31.0,11676,7.0,55.0,1250.0,304.0,1554.0
2020-03-28,00009,CT,1291.0,7109.0,,173.0,27.0,8400,0.0,0.0,0.0,0.0,0.0
2020-03-28,00011,DC,304.0,2211.0,1.0,,4.0,2515,1.0,0.0,314.0,37.0,351.0
2020-03-28,00010,DE,214.0,36.0,,31.0,3.0,250,1.0,16.0,0.0,51.0,51.0
2020-03-28,00012,FL,3763.0,35366.0,,526.0,54.0,39129,20.0,70.0,7180.0,998.0,8178.0
2020-03-28,00013,GA,2366.0,8685.0,,617.0,69.0,11051,5.0,51.0,821.0,365.0,1186.0
2020-03-28,00066,GU,55.0,299.0,,15.0,1.0,354,0.0,4.0,0.0,4.0,4.0
2020-03-28,00015,HI,120.0,4357.0,3.0,8.0,0.0,4477,0.0,1.0,0.0,14.0,14.0
2020-03-28,00019,IA,298.0,4375.0,,61.0,3.0,4673,0.0,11.0,635.0,63.0,698.0
2020-03-28,00016,ID,230.0,3342.0,,25.0,4.0,3572,1.0,25.0,674.0,41.0,715.0
2020-03-28,00017,IL,3491.0,22000.0,,,47.0,25491,13.0,0.0,3484.0,465.0,3949.0
2020-03-28,00018,IN,1232.0,7175.0,,,31.0,8407,7.0,0.0,1220.0,251.0,1471.0
2020-03-28,00020,KS,261.0,3671.0,,27.0,5.0,3932,1.0,0.0,442.0,59.0,501.0
2020-03-28,00021,KY,302.0,4821.0,,,8.0,5123,2.0,0.0,1053.0,54.0,1107.0
2020-03-28,00022,LA,3315.0,21846.0,,927.0,137.0,25161,18.0,154.0,3233.0,569.0,3802.0
2020-03-28,00025,MA,4257.0,30792.0,,350.0,44.0,35049,9.0,131.0,4661.0,1017.0,5678.0
2020-03-28,00024,MD,992.0,11516.0,,226.0,5.0,12508,0.0,53.0,11422.0,218.0,11640.0
2020-03-28,00023,ME,211.0,3394.0,,,1.0,3605,0.0,0.0,0.0,43.0,43.0
2020-03-28,00026,MI,3657.0,9109.0,,,92.0,12766,0.0,0.0,2559.0,0.0,2559.0
2020-03-28,00027,MN,441.0,15688.0,,57.0,5.0,16129,1.0,6.0,2083.0,43.0,2126.0
2020-03-28,00029,MO,838.0,10082.0,,,10.0,10920,2.0,0.0,9713.0,169.0,9882.0
2020-03-28,00069,MP,2.0,,,,,2,0.0,0.0,0.0,2.0,2.0
2020-03-28,00028,MS,663.0,2560.0,,219.0,13.0,3223,5.0,34.0,0.0,84.0,84.0
2020-03-28,00030,MT,129.0,3256.0,,7.0,1.0,3385,1.0,0.0,666.0,21.0,687.0
2020-03-28,00037,NC,935.0,16592.0,,87.0,4.0,17527,1.0,10.0,2219.0,172.0,2391.0
2020-03-28,00038,ND,83.0,2809.0,,16.0,1.0,2892,1.0,3.0,382.0,18.0,400.0
2020-03-28,00031,NE,96.0,1904.0,,,2.0,2000,2.0,0.0,143.0,11.0,154.0
2020-03-28,00033,NH,187.0,3656.0,296.0,30.0,2.0,3843,1.0,5.0,261.0,29.0,290.0
2020-03-28,00034,NJ,11124.0,19386.0,,,140.0,30510,32.0,0.0,2839.0,2299.0,5138.0
2020-03-28,00035,NM,191.0,9196.0,,17.0,1.0,9387,0.0,17.0,819.0,55.0,874.0
2020-03-28,00032,NV,621.0,7901.0,,,10.0,8522,0.0,0.0,1740.0,86.0,1826.0
2020-03-28,00036,NY,52318.0,103616.0,,10054.0,728.0,155934,209.0,1528.0,2498.0,7683.0,10181.0
2020-03-28,00039,OH,1406.0,19012.0,,344.0,25.0,20418,6.0,68.0,0.0,269.0,269.0
2020-03-28,00040,OK,377.0,1180.0,,126.0,15.0,1557,7.0,21.0,96.0,55.0,151.0
2020-03-28,00041,OR,479.0,9693.0,,117.0,13.0,10172,1.0,15.0,1183.0,65.0,1248.0
2020-03-28,00042,PA,2751.0,25254.0,,682.0,34.0,28005,12.0,131.0,4238.0,533.0,4771.0
2020-03-28,00072,PR,100.0,739.0,792.0,,3.0,839,0.0,0.0,220.0,21.0,241.0
2020-03-28,00044,RI,203.0,2306.0,138.0,28.0,,2509,0.0,5.0,940.0,38.0,978.0
2020-03-28,00045,SC,539.0,2408.0,,129.0,13.0,2947,4.0,20.0,101.0,83.0,184.0
2020-03-28,00046,SD,68.0,2592.0,0.0,,1.0,2660,0.0,0.0,205.0,10.0,215.0
2020-03-28,00047,TN,1373.0,16965.0,,118.0,6.0,18338,0.0,15.0,2077.0,170.0,2247.0
2020-03-28,00048,TX,2052.0,23208.0,,,27.0,25260,4.0,0.0,1273.0,321.0,1594.0
2020-03-28,00049,UT,602.0,10710.0,,,2.0,11312,0.0,0.0,1946.0,122.0,2068.0
2020-03-28,00051,VA,739.0,8427.0,,99.0,17.0,9166,3.0,16.0,1694.0,135.0,1829.0
2020-03-28,00078,VI,22.0,106.0,55.0,,0.0,128,0.0,0.0,51.0,3.0,54.0
2020-03-28,00050,VT,211.0,2163.0,,18.0,12.0,2374,2.0,0.0,86.0,27.0,113.0
2020-03-28,00053,WA,3723.0,49015.0,,254.0,175.0,52738,28.0,254.0,5842.0,516.0,6358.0
2020-03-28,00055,WI,989.0,15232.0,,,13.0,16221,0.0,0.0,2092.0,147.0,2239.0
2020-03-28,00054,WV,96.0,2331.0,6.0,1.0,0.0,2427,0.0,0.0,552.0,20.0,572.0
2020-03-28,00056,WY,82.0,1475.0,,14.0,0.0,1557,0.0,3.0,264.0,12.0,276.0
2020-03-27,00002,AK,69.0,2319.0,13.0,3.0,1.0,2388,0.0,0.0,518.0,10.0,528.0
2020-03-27,00001,AL,587.0,4184.0,,,3.0,4771,2.0,0.0,591.0,81.0,672.0
2020-03-27,00005,AR,381.0,1545.0,0.0,48.0,3.0,1926,0.0,7.0,41.0,46.0,87.0
2020-03-27,00060,AS,0.0,,0.0,,0.0,0,0.0,0.0,0.0,0.0,0.0
2020-03-27,00004,AZ,736.0,7455.0,30.0,,13.0,8191,5.0,0.0,7108.0,159.0,7267.0
2020-03-27,00006,CA,3879.0,17380.0,57400.0,746.0,78.0,21259,13.0,746.0,0.0,873.0,873.0
2020-03-27,00008,CO,1430.0,8692.0,,184.0,24.0,10122,5.0,36.0,1714.0,344.0,2058.0
2020-03-27,00009,CT,1291.0,7109.0,,173.0,27.0,8400,6.0,48.0,1484.0,279.0,1763.0
2020-03-27,00011,DC,267.0,1897.0,2.0,,3.0,2164,0.0,0.0,271.0,36.0,307.0
2020-03-27,00010,DE,163.0,36.0,,15.0,2.0,199,1.0,2.0,0.0,33.0,33.0
2020-03-27,00012,FL,2765.0,28186.0,1517.0,456.0,34.0,30951,6.0,50.0,4445.0,410.0,4855.0
2020-03-27,00013,GA,2001.0,7864.0,,566.0,64.0,9865,16.0,93.0,463.0,476.0,939.0
2020-03-27,00066,GU,51.0,299.0,,11.0,1.0,350,0.0,0.0,36.0,6.0,42.0
2020-03-27,00015,HI,106.0,4357.0,3.0,7.0,,4463,0.0,2.0,0.0,11.0,11.0
2020-03-27,00019,IA,235.0,3740.0,,50.0,3.0,3975,2.0,4.0,1162.0,56.0,1218.0
2020-03-27,00016,ID,189.0,2668.0,,,3.0,2857,3.0,0.0,603.0,66.0,669.0
2020-03-27,00017,IL,3026.0,18516.0,,,34.0,21542,8.0,0.0,4423.0,488.0,4911.0
2020-03-27,00018,IN,981.0,5955.0,,,24.0,6936,7.0,0.0,1949.0,336.0,2285.0
2020-03-27,00020,KS,202.0,3229.0,,27.0,4.0,3431,1.0,27.0,360.0,34.0,394.0
2020-03-27,00021,KY,248.0,3768.0,,,6.0,4016,2.0,0.0,666.0,50.0,716.0
2020-03-27,00022,LA,2746.0,18613.0,,773.0,119.0,21359,36.0,97.0,2889.0,441.0,3330.0
2020-03-27,00025,MA,3240.0,26131.0,,219.0,35.0,29371,10.0,0.0,4927.0,823.0,5750.0
2020-03-27,00024,MD,774.0,94.0,,173.0,5.0,868,1.0,41.0,0.0,194.0,194.0
2020-03-27,00023,ME,168.0,3394.0,,,1.0,3562,1.0,0.0,0.0,13.0,13.0
2020-03-27,00026,MI,3657.0,6550.0,,,92.0,10207,32.0,0.0,0.0,801.0,801.0
2020-03-27,00027,MN,398.0,13605.0,,51.0,4.0,14003,2.0,10.0,1001.0,52.0,1053.0
2020-03-27,00029,MO,669.0,369.0,,,8.0,1038,0.0,0.0,0.0,167.0,167.0
2020-03-27,00069,MP,0.0,,,,0.0,0,0.0,0.0,0.0,0.0,0.0
2020-03-27,00028,MS,579.0,2560.0,,185.0,8.0,3139,2.0,35.0,269.0,94.0,363.0
2020-03-27,00030,MT,108.0,2590.0,,7.0,,2698,0.0,6.0,462.0,37.0,499.0
2020-03-27,00037,NC,763.0,14373.0,,77.0,3.0,15136,1.0,48.0,2099.0,127.0,2226.0
2020-03-27,00038,ND,65.0,2427.0,,13.0,0.0,2492,0.0,3.0,388.0,13.0,401.0
2020-03-27,00031,NE,85.0,1761.0,,,0.0,1846,0.0,0.0,177.0,12.0,189.0
2020-03-27,00033,NH,158.0,3395.0,592.0,25.0,1.0,3553,0.0,6.0,394.0,21.0,415.0
2020-03-27,00034,NJ,8825.0,16547.0,,,108.0,25372,27.0,0.0,2886.0,1949.0,4835.0
2020-03-27,00035,NM,136.0,8377.0,,,1.0,8513,0.0,0.0,696.0,24.0,720.0
2020-03-27,00032,NV,535.0,6161.0,,,10.0,6696,0.0,0.0,1464.0,115.0,1579.0
2020-03-27,00036,NY,44635.0,101118.0,,8526.0,519.0,145753,134.0,1682.0,16272.0,7377.0,23649.0
2020-03-27,00039,OH,1137.0,19012.0,,276.0,19.0,20149,4.0,53.0,2563.0,270.0,2833.0
2020-03-27,00040,OK,322.0,1084.0,,105.0,8.0,1406,1.0,19.0,126.0,74.0,200.0
2020-03-27,00041,OR,414.0,8510.0,,102.0,12.0,8924,1.0,12.0,1557.0,87.0,1644.0
2020-03-27,00042,PA,2218.0,21016.0,,551.0,22.0,23234,6.0,551.0,4575.0,531.0,5106.0
2020-03-27,00072,PR,79.0,519.0,334.0,,3.0,598,1.0,0.0,142.0,15.0,157.0
2020-03-27,00044,RI,165.0,1366.0,138.0,23.0,,1531,0.0,0.0,27.0,0.0,27.0
2020-03-27,00045,SC,456.0,2307.0,,109.0,9.0,2763,0.0,0.0,0.0,0.0,0.0
2020-03-27,00046,SD,58.0,2387.0,20.0,,1.0,2445,0.0,0.0,414.0,12.0,426.0
2020-03-27,00047,TN,1203.0,14888.0,,103.0,6.0,16091,3.0,27.0,936.0,246.0,1182.0
2020-03-27,00048,TX,1731.0,21935.0,,,23.0,23666,5.0,0.0,1907.0,335.0,2242.0
2020-03-27,00049,UT,480.0,8764.0,,,2.0,9244,1.0,0.0,1456.0,78.0,1534.0
2020-03-27,00051,VA,604.0,6733.0,,83.0,14.0,7337,1.0,18.0,1004.0,144.0,1148.0
2020-03-27,00078,VI,19.0,55.0,2.0,,0.0,74,0.0,0.0,0.0,2.0,2.0
2020-03-27,00050,VT,184.0,2077.0,,18.0,10.0,2261,1.0,18.0,227.0,26.0,253.0
2020-03-27,00053,WA,3207.0,43173.0,,,147.0,46380,15.0,0.0,11461.0,627.0,12088.0
2020-03-27,00055,WI,842.0,13140.0,,,13.0,13982,5.0,0.0,1557.0,135.0,1692.0
2020-03-27,00054,WV,76.0,1779.0,43.0,1.0,0.0,1855,0.0,0.0,748.0,25.0,773.0
2020-03-27,00056,WY,70.0,1211.0,,11.0,0.0,1281,0.0,11.0,159.0,17.0,176.0
2020-03-26,00002,AK,59.0,1801.0,,3.0,1.0,1860,0.0,2.0,152.0,17.0,169.0
2020-03-26,00001,AL,506.0,3593.0,,,1.0,4099,1.0,0.0,1064.0,223.0,1287.0
2020-03-26,00005,AR,335.0,1504.0,0.0,41.0,3.0,1839,1.0,19.0,67.0,55.0,122.0
2020-03-26,00060,AS,0.0,,,,0.0,0,0.0,0.0,0.0,0.0,0.0
2020-03-26,00004,AZ,577.0,347.0,33.0,66.0,8.0,924,2.0,58.0,24.0,127.0,151.0
2020-03-26,00006,CA,3006.0,17380.0,57400.0,,65.0,20386,12.0,0.0,1459.0,651.0,2110.0
2020-03-26,00008,CO,1086.0,6978.0,,148.0,19.0,8064,8.0,64.0,189.0,174.0,363.0
2020-03-26,00009,CT,1012.0,5625.0,,125.0,21.0,6637,2.0,12.0,602.0,137.0,739.0
2020-03-26,00011,DC,231.0,1626.0,1.0,,3.0,1857,1.0,0.0,203.0,48.0,251.0
2020-03-26,00010,DE,130.0,36.0,,13.0,1.0,166,1.0,2.0,0.0,15.0,15.0
2020-03-26,00012,FL,2355.0,23741.0,1443.0,406.0,28.0,26096,6.0,90.0,8367.0,673.0,9040.0
2020-03-26,00013,GA,1525.0,7401.0,,473.0,48.0,8926,8.0,79.0,2469.0,278.0,2747.0
2020-03-26,00066,GU,45.0,263.0,,11.0,1.0,308,0.0,1.0,30.0,8.0,38.0
2020-03-26,00015,HI,95.0,4357.0,,5.0,,4452,0.0,-1.0,0.0,5.0,5.0
2020-03-26,00019,IA,179.0,2578.0,,46.0,1.0,2757,0.0,10.0,0.0,34.0,34.0
2020-03-26,00016,ID,123.0,2065.0,,,0.0,2188,0.0,0.0,178.0,50.0,228.0
2020-03-26,00017,IL,2538.0,14093.0,,,26.0,16631,7.0,0.0,1749.0,673.0,2422.0
2020-03-26,00018,IN,645.0,4006.0,,,17.0,4651,3.0,0.0,1127.0,168.0,1295.0
2020-03-26,00020,KS,168.0,2869.0,,,3.0,3037,0.0,0.0,509.0,42.0,551.0
2020-03-26,00021,KY,198.0,3102.0,,,4.0,3300,0.0,0.0,237.0,41.0,278.0
2020-03-26,00022,LA,2305.0,15724.0,,676.0,83.0,18029,18.0,185.0,6068.0,510.0,6578.0
2020-03-26,00025,MA,2417.0,21204.0,,219.0,25.0,23621,10.0,116.0,3248.0,579.0,3827.0
2020-03-26,00024,MD,580.0,94.0,,132.0,4.0,674,0.0,132.0,0.0,157.0,157.0
2020-03-26,00023,ME,155.0,3394.0,,,,3549,0.0,0.0,217.0,6.0,223.0
2020-03-26,00026,MI,2856.0,6550.0,,,60.0,9406,17.0,0.0,4481.0,562.0,5043.0
2020-03-26,00027,MN,346.0,12604.0,,41.0,2.0,12950,1.0,6.0,1416.0,59.0,1475.0
2020-03-26,00029,MO,502.0,369.0,,,8.0,871,0.0,0.0,0.0,146.0,146.0
2020-03-26,00069,MP,0.0,,,,0.0,0,0.0,0.0,0.0,0.0,0.0
2020-03-26,00028,MS,485.0,2291.0,,150.0,6.0,2776,4.0,33.0,725.0,108.0,833.0
2020-03-26,00030,MT,71.0,2128.0,,1.0,,2199,0.0,1.0,180.0,18.0,198.0
2020-03-26,00037,NC,636.0,12274.0,,29.0,2.0,12910,1.0,0.0,2289.0,132.0,2421.0
2020-03-26,00038,ND,52.0,2039.0,,10.0,0.0,2091,0.0,2.0,305.0,13.0,318.0
2020-03-26,00031,NE,73.0,1584.0,,,0.0,1657,0.0,0.0,280.0,12.0,292.0
2020-03-26,00033,NH,137.0,3001.0,712.0,19.0,1.0,3138,0.0,6.0,645.0,29.0,674.0
2020-03-26,00034,NJ,6876.0,13661.0,,,81.0,20537,19.0,0.0,3209.0,2474.0,5683.0
2020-03-26,00035,NM,112.0,7681.0,,,1.0,7793,0.0,0.0,939.0,12.0,951.0
2020-03-26,00032,NV,420.0,4697.0,,,10.0,5117,4.0,0.0,446.0,99.0,545.0
2020-03-26,00036,NY,37258.0,84846.0,,6844.0,385.0,122104,100.0,3039.0,12178.0,6447.0,18625.0
2020-03-26,00039,OH,867.0,16449.0,,223.0,15.0,17316,5.0,41.0,2389.0,163.0,2552.0
2020-03-26,00040,OK,248.0,958.0,,86.0,7.0,1206,2.0,27.0,153.0,84.0,237.0
2020-03-26,00041,OR,327.0,6953.0,,90.0,11.0,7280,3.0,29.0,2603.0,118.0,2721.0
2020-03-26,00042,PA,1687.0,16441.0,,,16.0,18128,5.0,0.0,5248.0,560.0,5808.0
2020-03-26,00072,PR,64.0,377.0,335.0,,2.0,441,0.0,0.0,60.0,13.0,73.0
2020-03-26,00044,RI,165.0,1339.0,181.0,23.0,,1504,0.0,7.0,196.0,41.0,237.0
2020-03-26,00045,SC,456.0,2307.0,,109.0,9.0,2763,2.0,7.0,4.0,32.0,36.0
2020-03-26,00046,SD,46.0,1973.0,125.0,,1.0,2019,0.0,0.0,1154.0,5.0,1159.0
2020-03-26,00047,TN,957.0,13952.0,,76.0,3.0,14909,0.0,23.0,2940.0,173.0,3113.0
2020-03-26,00048,TX,1396.0,20028.0,,,18.0,21424,6.0,0.0,7508.0,422.0,7930.0
2020-03-26,00049,UT,402.0,7308.0,,,1.0,7710,0.0,0.0,817.0,56.0,873.0
2020-03-26,00051,VA,460.0,5729.0,,65.0,13.0,6189,4.0,6.0,750.0,69.0,819.0
2020-03-26,00078,VI,17.0,55.0,2.0,,0.0,72,0.0,0.0,0.0,0.0,0.0
2020-03-26,00050,VT,158.0,1850.0,,,9.0,2008,1.0,0.0,261.0,35.0,296.0
2020-03-26,00053,WA,2580.0,31712.0,,,132.0,34292,9.0,0.0,0.0,111.0,111.0
2020-03-26,00055,WI,707.0,11583.0,,,8.0,12290,1.0,0.0,1494.0,122.0,1616.0
2020-03-26,00054,WV,51.0,1031.0,19.0,1.0,0.0,1082,0.0,0.0,272.0,12.0,284.0
2020-03-26,00056,WY,53.0,1052.0,,,,1105,0.0,0.0,98.0,9.0,107.0
2020-03-25,00002,AK,42.0,1649.0,,1.0,1.0,1691,1.0,1.0,663.0,6.0,669.0
2020-03-25,00001,AL,283.0,2529.0,,,0.0,2812,0.0,0.0,423.0,68.0,491.0
2020-03-25,00005,AR,280.0,1437.0,0.0,22.0,2.0,1717,2.0,0.0,490.0,62.0,552.0
2020-03-25,00060,AS,0.0,,,,0.0,0,0.0,0.0,0.0,0.0,0.0
2020-03-25,00004,AZ,450.0,323.0,53.0,8.0,6.0,773,1.0,0.0,10.0,93.0,103.0
2020-03-25,00006,CA,2355.0,15921.0,48600.0,,53.0,18276,13.0,0.0,2469.0,253.0,2722.0
2020-03-25,00008,CO,912.0,6789.0,,84.0,11.0,7701,4.0,12.0,1285.0,192.0,1477.0
2020-03-25,00009,CT,875.0,5023.0,,113.0,19.0,5898,7.0,42.0,341.0,257.0,598.0
2020-03-25,00011,DC,183.0,1423.0,3.0,,2.0,1606,0.0,0.0,228.0,46.0,274.0
2020-03-25,00010,DE,115.0,36.0,,11.0,0.0,151,0.0,11.0,0.0,24.0,24.0
2020-03-25,00012,FL,1682.0,15374.0,1233.0,316.0,22.0,17056,4.0,57.0,2247.0,270.0,2517.0
2020-03-25,00013,GA,1247.0,4932.0,,394.0,40.0,6179,8.0,394.0,474.0,221.0,695.0
2020-03-25,00066,GU,37.0,233.0,,10.0,1.0,270,0.0,5.0,32.0,5.0,37.0
2020-03-25,00015,HI,90.0,4357.0,,6.0,1.0,4447,0.0,2.0,768.0,13.0,781.0
2020-03-25,00019,IA,145.0,2578.0,,36.0,1.0,2723,1.0,9.0,263.0,21.0,284.0
2020-03-25,00016,ID,73.0,1887.0,,,0.0,1960,0.0,0.0,0.0,23.0,23.0
2020-03-25,00017,IL,1865.0,12344.0,,,19.0,14209,3.0,0.0,2410.0,330.0,2740.0
2020-03-25,00018,IN,477.0,2879.0,,1.0,14.0,3356,2.0,0.0,313.0,112.0,425.0
2020-03-25,00020,KS,126.0,2360.0,,,3.0,2486,1.0,0.0,274.0,28.0,302.0
2020-03-25,00021,KY,157.0,2865.0,,,4.0,3022,0.0,0.0,1123.0,33.0,1156.0
2020-03-25,00022,LA,1795.0,9656.0,,491.0,65.0,11451,19.0,220.0,2441.0,407.0,2848.0
2020-03-25,00025,MA,1838.0,17956.0,,103.0,15.0,19794,4.0,9.0,5366.0,679.0,6045.0
2020-03-25,00024,MD,423.0,94.0,,,4.0,517,1.0,0.0,0.0,74.0,74.0
2020-03-25,00023,ME,149.0,3177.0,,,,3326,0.0,0.0,163.0,24.0,187.0
2020-03-25,00026,MI,2294.0,2069.0,,,43.0,4363,19.0,0.0,0.0,503.0,503.0
2020-03-25,00027,MN,287.0,11188.0,,35.0,1.0,11475,0.0,14.0,5638.0,25.0,5663.0
2020-03-25,00029,MO,356.0,369.0,,,8.0,725,5.0,0.0,0.0,173.0,173.0
2020-03-25,00069,MP,0.0,,,,0.0,0,0.0,0.0,0.0,0.0,0.0
2020-03-25,00028,MS,377.0,1566.0,,117.0,2.0,1943,1.0,31.0,14.0,57.0,71.0
2020-03-25,00030,MT,53.0,1948.0,,,,2001,0.0,0.0,305.0,7.0,312.0
2020-03-25,00037,NC,504.0,9985.0,,29.0,1.0,10489,1.0,29.0,1844.0,106.0,1950.0
2020-03-25,00038,ND,39.0,1734.0,,8.0,0.0,1773,0.0,3.0,280.0,5.0,285.0
2020-03-25,00031,NE,61.0,1304.0,,,0.0,1365,0.0,0.0,329.0,9.0,338.0
2020-03-25,00033,NH,108.0,2356.0,804.0,13.0,1.0,2464,0.0,2.0,909.0,7.0,916.0
2020-03-25,00034,NJ,4402.0,10452.0,,,62.0,14854,18.0,0.0,2127.0,727.0,2854.0
2020-03-25,00035,NM,100.0,6742.0,,,1.0,6842,1.0,0.0,852.0,17.0,869.0
2020-03-25,00032,NV,321.0,4251.0,0.0,,6.0,4572,2.0,0.0,297.0,43.0,340.0
2020-03-25,00036,NY,30811.0,72668.0,,3805.0,285.0,103479,75.0,571.0,7063.0,5146.0,12209.0
2020-03-25,00039,OH,704.0,14060.0,,182.0,10.0,14764,2.0,37.0,13920.0,140.0,14060.0
2020-03-25,00040,OK,164.0,805.0,,59.0,5.0,969,2.0,34.0,70.0,58.0,128.0
2020-03-25,00041,OR,209.0,4350.0,,61.0,8.0,4559,0.0,0.0,0.0,0.0,0.0
2020-03-25,00042,PA,1127.0,11193.0,,,11.0,12320,4.0,0.0,2550.0,276.0,2826.0
2020-03-25,00072,PR,51.0,317.0,70.0,,2.0,368,0.0,0.0,49.0,12.0,61.0
2020-03-25,00044,RI,124.0,1143.0,196.0,16.0,,1267,0.0,16.0,23.0,18.0,41.0
2020-03-25,00045,SC,424.0,2303.0,,102.0,7.0,2727,2.0,102.0,291.0,126.0,417.0
2020-03-25,00046,SD,41.0,819.0,268.0,,1.0,860,0.0,0.0,29.0,11.0,40.0
2020-03-25,00047,TN,784.0,11012.0,,53.0,3.0,11796,1.0,53.0,495.0,117.0,612.0
2020-03-25,00048,TX,974.0,12520.0,,,12.0,13494,3.0,0.0,1763.0,564.0,2327.0
2020-03-25,00049,UT,346.0,6491.0,,,1.0,6837,0.0,0.0,967.0,47.0,1014.0
2020-03-25,00051,VA,391.0,4979.0,,59.0,9.0,5370,2.0,14.0,799.0,101.0,900.0
2020-03-25,00078,VI,17.0,55.0,2.0,,0.0,72,0.0,0.0,55.0,0.0,55.0
2020-03-25,00050,VT,123.0,1589.0,,,8.0,1712,1.0,0.0,149.0,28.0,177.0
2020-03-25,00053,WA,2469.0,31712.0,,,123.0,34181,13.0,0.0,0.0,248.0,248.0
2020-03-25,00055,WI,585.0,10089.0,,,7.0,10674,2.0,0.0,1852.0,128.0,1980.0
2020-03-25,00054,WV,39.0,759.0,6.0,1.0,0.0,798,0.0,0.0,149.0,19.0,168.0
2020-03-25,00056,WY,44.0,954.0,,,,998,0.0,0.0,244.0,15.0,259.0
2020-03-24,00002,AK,36.0,986.0,,0.0,,1022,0.0,0.0,40.0,14.0,54.0
2020-03-24,00001,AL,215.0,2106.0,,,0.0,2321,0.0,0.0,441.0,48.0,489.0
2020-03-24,00005,AR,218.0,947.0,0.0,22.0,0.0,1165,0.0,9.0,41.0,44.0,85.0
2020-03-24,00060,AS,0.0,,,,0.0,0,0.0,0.0,0.0,0.0,0.0
2020-03-24,00004,AZ,357.0,313.0,22.0,8.0,5.0,670,3.0,8.0,4.0,92.0,96.0
2020-03-24,00006,CA,2102.0,13452.0,12100.0,,40.0,15554,13.0,0.0,885.0,369.0,1254.0
2020-03-24,00008,CO,720.0,5504.0,,72.0,7.0,6224,1.0,14.0,659.0,129.0,788.0
2020-03-24,00009,CT,618.0,4682.0,,71.0,12.0,5300,2.0,17.0,597.0,203.0,800.0
2020-03-24,00011,DC,137.0,1195.0,2.0,,2.0,1332,0.0,0.0,82.0,21.0,103.0
2020-03-24,00010,DE,91.0,36.0,,0.0,0.0,127,0.0,0.0,0.0,23.0,23.0
2020-03-24,00012,FL,1412.0,13127.0,1008.0,259.0,18.0,14539,4.0,42.0,2064.0,241.0,2305.0
2020-03-24,00013,GA,1026.0,4458.0,,,32.0,5484,7.0,0.0,161.0,254.0,415.0
2020-03-24,00066,GU,32.0,201.0,,5.0,1.0,233,0.0,5.0,40.0,3.0,43.0
2020-03-24,00015,HI,77.0,3589.0,,4.0,1.0,3666,1.0,4.0,634.0,21.0,655.0
2020-03-24,00019,IA,124.0,2315.0,,27.0,,2439,0.0,27.0,272.0,19.0,291.0
2020-03-24,00016,ID,50.0,1887.0,,,0.0,1937,0.0,0.0,578.0,3.0,581.0
2020-03-24,00017,IL,1535.0,9934.0,,,16.0,11469,4.0,0.0,1351.0,262.0,1613.0
2020-03-24,00018,IN,365.0,2566.0,,1.0,12.0,2931,5.0,0.0,865.0,106.0,971.0
2020-03-24,00020,KS,98.0,2086.0,,,2.0,2184,0.0,0.0,1669.0,16.0,1685.0
2020-03-24,00021,KY,124.0,1742.0,,,4.0,1866,1.0,0.0,-20.0,20.0,0.0
2020-03-24,00022,LA,1388.0,7215.0,,271.0,46.0,8603,12.0,271.0,2439.0,216.0,2655.0
2020-03-24,00025,MA,1159.0,12590.0,,94.0,11.0,13749,2.0,15.0,4445.0,382.0,4827.0
2020-03-24,00024,MD,349.0,94.0,,,3.0,443,0.0,0.0,0.0,61.0,61.0
2020-03-24,00023,ME,125.0,3014.0,,,,3139,0.0,0.0,223.0,18.0,241.0
2020-03-24,00026,MI,1791.0,2069.0,,,24.0,3860,9.0,0.0,0.0,463.0,463.0
2020-03-24,00027,MN,262.0,5550.0,,21.0,1.0,5812,0.0,4.0,1039.0,27.0,1066.0
2020-03-24,00029,MO,183.0,369.0,,,3.0,552,0.0,0.0,0.0,0.0,0.0
2020-03-24,00069,MP,0.0,,,,0.0,0,0.0,0.0,0.0,0.0,0.0
2020-03-24,00028,MS,320.0,1552.0,,86.0,1.0,1872,0.0,53.0,409.0,71.0,480.0
2020-03-24,00030,MT,46.0,1643.0,,,,1689,0.0,0.0,497.0,12.0,509.0
2020-03-24,00037,NC,398.0,8141.0,,,0.0,8539,0.0,0.0,0.0,101.0,101.0
2020-03-24,00038,ND,34.0,1454.0,,5.0,0.0,1488,0.0,1.0,101.0,4.0,105.0
2020-03-24,00031,NE,52.0,975.0,,,0.0,1027,0.0,0.0,619.0,2.0,621.0
2020-03-24,00033,NH,101.0,1447.0,869.0,11.0,1.0,1548,1.0,11.0,73.0,23.0,96.0
2020-03-24,00034,NJ,3675.0,8325.0,45.0,,44.0,12000,17.0,0.0,7966.0,831.0,8797.0
2020-03-24,00035,NM,83.0,5890.0,,,,5973,0.0,0.0,569.0,18.0,587.0
2020-03-24,00032,NV,278.0,3954.0,0.0,,4.0,4232,0.0,0.0,464.0,33.0,497.0
2020-03-24,00036,NY,25665.0,65605.0,,3234.0,210.0,91270,96.0,599.0,8191.0,4790.0,12981.0
2020-03-24,00039,OH,564.0,140.0,,145.0,8.0,704,2.0,41.0,0.0,122.0,122.0
2020-03-24,00040,OK,106.0,735.0,,25.0,3.0,841,1.0,10.0,41.0,25.0,66.0
2020-03-24,00041,OR,209.0,4350.0,,61.0,8.0,4559,3.0,5.0,701.0,18.0,719.0
2020-03-24,00042,PA,851.0,8643.0,,,7.0,9494,1.0,0.0,2048.0,207.0,2255.0
2020-03-24,00072,PR,39.0,268.0,42.0,,2.0,307,0.0,0.0,79.0,8.0,87.0
2020-03-24,00044,RI,106.0,1120.0,77.0,,,1226,0.0,0.0,188.0,0.0,188.0
2020-03-24,00045,SC,298.0,2012.0,,,5.0,2310,0.0,0.0,546.0,-1.0,545.0
2020-03-24,00046,SD,30.0,790.0,268.0,,1.0,820,0.0,0.0,28.0,2.0,30.0
2020-03-24,00047,TN,667.0,10517.0,,,2.0,11184,0.0,0.0,7245.0,52.0,7297.0
2020-03-24,00048,TX,410.0,10757.0,,,9.0,11167,1.0,0.0,1054.0,58.0,1112.0
2020-03-24,00049,UT,299.0,5524.0,,,1.0,5823,0.0,0.0,734.0,42.0,776.0
2020-03-24,00051,VA,290.0,4180.0,,45.0,7.0,4470,1.0,7.0,737.0,36.0,773.0
2020-03-24,00078,VI,17.0,,,,0.0,17,0.0,0.0,0.0,0.0,0.0
2020-03-24,00050,VT,95.0,1440.0,,,7.0,1535,2.0,0.0,334.0,20.0,354.0
2020-03-24,00053,WA,2221.0,31712.0,,,110.0,33933,15.0,0.0,2833.0,225.0,3058.0
2020-03-24,00055,WI,457.0,8237.0,,,5.0,8694,0.0,0.0,1187.0,41.0,1228.0
2020-03-24,00054,WV,20.0,610.0,0.0,1.0,0.0,630,0.0,0.0,166.0,4.0,170.0
2020-03-24,00056,WY,29.0,710.0,,,,739,0.0,0.0,118.0,3.0,121.0
2020-03-23,00002,AK,22.0,946.0,,0.0,,968,0.0,0.0,0.0,0.0,0.0
2020-03-23,00001,AL,167.0,1665.0,,,0.0,1832,0.0,0.0,201.0,29.0,230.0
2020-03-23,00005,AR,174.0,906.0,0.0,13.0,0.0,1080,0.0,0.0,195.0,9.0,204.0
2020-03-23,00060,AS,,,,,0.0,0,0.0,0.0,0.0,0.0,0.0
2020-03-23,00004,AZ,265.0,309.0,6.0,,2.0,574,0.0,0.0,27.0,113.0,140.0
2020-03-23,00006,CA,1733.0,12567.0,12100.0,,27.0,14300,0.0,0.0,1263.0,197.0,1460.0
2020-03-23,00008,CO,591.0,4845.0,,58.0,6.0,5436,1.0,9.0,770.0,116.0,886.0
2020-03-23,00009,CT,415.0,4085.0,,54.0,10.0,4500,5.0,11.0,1208.0,192.0,1400.0
2020-03-23,00011,DC,116.0,1113.0,,,2.0,1229,1.0,0.0,156.0,18.0,174.0
2020-03-23,00010,DE,68.0,36.0,,0.0,0.0,104,0.0,0.0,0.0,12.0,12.0
2020-03-23,00012,FL,1171.0,11063.0,860.0,217.0,14.0,12234,1.0,32.0,3073.0,341.0,3414.0
2020-03-23,00013,GA,772.0,4297.0,,,25.0,5069,2.0,0.0,877.0,172.0,1049.0
2020-03-23,00066,GU,29.0,161.0,,,1.0,190,0.0,0.0,35.0,2.0,37.0
2020-03-23,00015,HI,56.0,2955.0,,,,3011,0.0,0.0,2692.0,8.0,2700.0
2020-03-23,00019,IA,105.0,2043.0,,,,2148,0.0,0.0,828.0,15.0,843.0
2020-03-23,00016,ID,47.0,1309.0,,,0.0,1356,0.0,0.0,134.0,5.0,139.0
2020-03-23,00017,IL,1273.0,8583.0,,,12.0,9856,3.0,0.0,1312.0,224.0,1536.0
2020-03-23,00018,IN,259.0,1701.0,,1.0,7.0,1960,1.0,0.0,408.0,58.0,466.0
2020-03-23,00020,KS,82.0,417.0,,,2.0,499,0.0,0.0,0.0,18.0,18.0
2020-03-23,00021,KY,104.0,1762.0,,,3.0,1866,0.0,0.0,290.0,5.0,295.0
2020-03-23,00022,LA,1172.0,4776.0,,,34.0,5948,14.0,0.0,2115.0,335.0,2450.0
2020-03-23,00025,MA,777.0,8145.0,,79.0,9.0,8922,4.0,8.0,2686.0,131.0,2817.0
2020-03-23,00024,MD,288.0,94.0,,,3.0,382,0.0,0.0,0.0,44.0,44.0
2020-03-23,00023,ME,107.0,2791.0,,,,2898,0.0,0.0,527.0,18.0,545.0
2020-03-23,00026,MI,1328.0,2069.0,,,15.0,3397,7.0,0.0,0.0,293.0,293.0
2020-03-23,00027,MN,235.0,4511.0,,17.0,1.0,4746,0.0,5.0,0.0,66.0,66.0
2020-03-23,00029,MO,183.0,369.0,,,3.0,552,0.0,0.0,0.0,93.0,93.0
2020-03-23,00069,MP,0.0,,,,0.0,0,0.0,0.0,0.0,0.0,0.0
2020-03-23,00028,MS,249.0,1143.0,,33.0,1.0,1392,0.0,0.0,29.0,42.0,71.0
2020-03-23,00030,MT,34.0,1146.0,,,,1180,0.0,0.0,0.0,3.0,3.0
2020-03-23,00037,NC,297.0,8141.0,,,0.0,8438,0.0,0.0,1958.0,42.0,2000.0
2020-03-23,00038,ND,30.0,1353.0,,4.0,0.0,1383,0.0,1.0,93.0,2.0,95.0
2020-03-23,00031,NE,50.0,356.0,,,0.0,406,0.0,0.0,0.0,2.0,2.0
2020-03-23,00033,NH,78.0,1374.0,889.0,,,1452,0.0,0.0,186.0,13.0,199.0
2020-03-23,00034,NJ,2844.0,359.0,94.0,,27.0,3203,7.0,0.0,32.0,930.0,962.0
2020-03-23,00035,NM,65.0,5321.0,,,,5386,0.0,0.0,599.0,8.0,607.0
2020-03-23,00032,NV,245.0,3490.0,0.0,,4.0,3735,2.0,0.0,1042.0,55.0,1097.0
2020-03-23,00036,NY,20875.0,57414.0,,2635.0,114.0,78289,0.0,661.0,11181.0,5707.0,16888.0
2020-03-23,00039,OH,442.0,140.0,,104.0,6.0,582,3.0,21.0,0.0,91.0,91.0
2020-03-23,00040,OK,81.0,694.0,102.0,15.0,2.0,775,0.0,4.0,25.0,14.0,39.0
2020-03-23,00041,OR,191.0,3649.0,,56.0,5.0,3840,1.0,13.0,785.0,30.0,815.0
2020-03-23,00042,PA,644.0,6595.0,,,6.0,7239,4.0,0.0,1631.0,165.0,1796.0
2020-03-23,00072,PR,31.0,189.0,35.0,,2.0,220,2.0,0.0,6.0,8.0,14.0
2020-03-23,00044,RI,106.0,932.0,216.0,,,1038,0.0,0.0,0.0,23.0,23.0
2020-03-23,00045,SC,299.0,1466.0,,,5.0,1765,2.0,0.0,0.0,104.0,104.0
2020-03-23,00046,SD,28.0,762.0,265.0,,1.0,790,0.0,0.0,22.0,7.0,29.0
2020-03-23,00047,TN,615.0,3272.0,,,2.0,3887,2.0,0.0,0.0,110.0,110.0
2020-03-23,00048,TX,352.0,9703.0,,,8.0,10055,3.0,0.0,1281.0,18.0,1299.0
2020-03-23,00049,UT,257.0,4790.0,,,1.0,5047,0.0,0.0,1282.0,76.0,1358.0
2020-03-23,00051,VA,254.0,3443.0,,38.0,6.0,3697,3.0,6.0,325.0,35.0,360.0
2020-03-23,00078,VI,17.0,,,,0.0,17,0.0,0.0,0.0,11.0,11.0
2020-03-23,00050,VT,75.0,1106.0,,,5.0,1181,3.0,0.0,0.0,23.0,23.0
2020-03-23,00053,WA,1996.0,28879.0,,,95.0,30875,1.0,0.0,3551.0,203.0,3754.0
2020-03-23,00055,WI,416.0,7050.0,,,5.0,7466,1.0,0.0,820.0,31.0,851.0
2020-03-23,00054,WV,16.0,444.0,4.0,1.0,0.0,460,0.0,0.0,59.0,4.0,63.0
2020-03-23,00056,WY,26.0,592.0,,,,618,0.0,0.0,154.0,2.0,156.0
2020-03-22,00002,AK,22.0,946.0,,0.0,,968,0.0,0.0,188.0,8.0,196.0
2020-03-22,00001,AL,138.0,1464.0,,,0.0,1602,0.0,0.0,1436.0,14.0,1450.0
2020-03-22,00005,AR,165.0,711.0,119.0,13.0,0.0,876,0.0,13.0,144.0,47.0,191.0
2020-03-22,00060,AS,,,,,0.0,0,0.0,0.0,0.0,0.0,0.0
2020-03-22,00004,AZ,152.0,282.0,87.0,,2.0,434,1.0,0.0,42.0,48.0,90.0
2020-03-22,00006,CA,1536.0,11304.0,,,27.0,12840,3.0,0.0,55.0,257.0,312.0
2020-03-22,00008,CO,475.0,4075.0,,49.0,5.0,4550,1.0,5.0,758.0,112.0,870.0
2020-03-22,00009,CT,223.0,2877.0,,43.0,5.0,3100,1.0,43.0,771.0,29.0,800.0
2020-03-22,00011,DC,98.0,957.0,,,1.0,1055,0.0,0.0,451.0,21.0,472.0
2020-03-22,00010,DE,56.0,36.0,,,0.0,92,0.0,0.0,0.0,11.0,11.0
2020-03-22,00012,FL,830.0,7990.0,963.0,185.0,13.0,8820,1.0,27.0,1411.0,172.0,1583.0
2020-03-22,00013,GA,600.0,3420.0,,,23.0,4020,9.0,0.0,863.0,93.0,956.0
2020-03-22,00066,GU,27.0,126.0,,,1.0,153,1.0,0.0,18.0,12.0,30.0
2020-03-22,00015,HI,48.0,263.0,,,,311,0.0,0.0,139.0,11.0,150.0
2020-03-22,00019,IA,90.0,1215.0,,,,1305,0.0,0.0,166.0,22.0,188.0
2020-03-22,00016,ID,42.0,1175.0,,,0.0,1217,0.0,0.0,295.0,11.0,306.0
2020-03-22,00017,IL,1049.0,7271.0,,,9.0,8320,3.0,0.0,1783.0,296.0,2079.0
2020-03-22,00018,IN,201.0,1293.0,,1.0,6.0,1494,2.0,0.0,586.0,75.0,661.0
2020-03-22,00020,KS,64.0,417.0,,,2.0,481,0.0,0.0,0.0,9.0,9.0
2020-03-22,00021,KY,99.0,1472.0,,,3.0,1571,1.0,0.0,758.0,45.0,803.0
2020-03-22,00022,LA,837.0,2661.0,,,20.0,3498,4.0,0.0,481.0,252.0,733.0
2020-03-22,00025,MA,646.0,5459.0,,71.0,5.0,6105,4.0,10.0,707.0,121.0,828.0
2020-03-22,00024,MD,244.0,94.0,,,3.0,338,1.0,0.0,0.0,54.0,54.0
2020-03-22,00023,ME,89.0,2264.0,,,,2353,0.0,0.0,0.0,16.0,16.0
2020-03-22,00026,MI,1035.0,2069.0,,,8.0,3104,3.0,0.0,0.0,248.0,248.0
2020-03-22,00027,MN,169.0,4511.0,,12.0,1.0,4680,0.0,12.0,559.0,31.0,590.0
2020-03-22,00029,MO,90.0,369.0,,,3.0,459,0.0,0.0,0.0,17.0,17.0
2020-03-22,00069,MP,0.0,,,,0.0,0,0.0,0.0,0.0,0.0,0.0
2020-03-22,00028,MS,207.0,1114.0,,33.0,1.0,1321,0.0,33.0,419.0,67.0,486.0
2020-03-22,00030,MT,31.0,1146.0,,,,1177,0.0,0.0,0.0,11.0,11.0
2020-03-22,00037,NC,255.0,6183.0,,,0.0,6438,0.0,0.0,1091.0,71.0,1162.0
2020-03-22,00038,ND,28.0,1260.0,,3.0,0.0,1288,0.0,0.0,119.0,0.0,119.0
2020-03-22,00031,NE,48.0,356.0,,,0.0,404,0.0,0.0,0.0,10.0,10.0
2020-03-22,00033,NH,65.0,1188.0,959.0,,,1253,0.0,0.0,215.0,10.0,225.0
2020-03-22,00034,NJ,1914.0,327.0,49.0,,20.0,2241,4.0,0.0,33.0,587.0,620.0
2020-03-22,00035,NM,57.0,4722.0,,,,4779,0.0,0.0,951.0,0.0,951.0
2020-03-22,00032,NV,190.0,2448.0,,,2.0,2638,0.0,0.0,64.0,66.0,130.0
2020-03-22,00036,NY,15168.0,46233.0,,1974.0,114.0,61401,70.0,371.0,11152.0,4812.0,15964.0
2020-03-22,00039,OH,351.0,140.0,,83.0,3.0,491,0.0,25.0,0.0,104.0,104.0
2020-03-22,00040,OK,67.0,669.0,102.0,11.0,2.0,736,1.0,1.0,109.0,14.0,123.0
2020-03-22,00041,OR,161.0,2864.0,,43.0,4.0,3025,1.0,43.0,861.0,47.0,908.0
2020-03-22,00042,PA,479.0,4964.0,,,2.0,5443,0.0,0.0,1198.0,108.0,1306.0
2020-03-22,00072,PR,23.0,183.0,69.0,,,206,0.0,0.0,40.0,2.0,42.0
2020-03-22,00044,RI,83.0,932.0,216.0,,,1015,0.0,0.0,70.0,17.0,87.0
2020-03-22,00045,SC,195.0,1466.0,,,3.0,1661,2.0,0.0,211.0,43.0,254.0
2020-03-22,00046,SD,21.0,740.0,277.0,,1.0,761,0.0,0.0,49.0,7.0,56.0
2020-03-22,00047,TN,505.0,3272.0,,,,3777,0.0,0.0,0.0,134.0,134.0
2020-03-22,00048,TX,334.0,8422.0,,,5.0,8756,0.0,0.0,2204.0,30.0,2234.0
2020-03-22,00049,UT,181.0,3508.0,,,1.0,3689,1.0,0.0,1084.0,45.0,1129.0
2020-03-22,00051,VA,219.0,3118.0,,32.0,3.0,3337,1.0,7.0,480.0,67.0,547.0
2020-03-22,00078,VI,6.0,,,,0.0,6,0.0,0.0,0.0,0.0,0.0
2020-03-22,00050,VT,52.0,1106.0,,,2.0,1158,0.0,0.0,327.0,23.0,350.0
2020-03-22,00053,WA,1793.0,25328.0,,,94.0,27121,11.0,0.0,3609.0,269.0,3878.0
2020-03-22,00055,WI,385.0,6230.0,,,4.0,6615,0.0,0.0,1602.0,104.0,1706.0
2020-03-22,00054,WV,12.0,385.0,1.0,1.0,0.0,397,0.0,0.0,55.0,1.0,56.0
2020-03-22,00056,WY,24.0,438.0,,,,462,0.0,0.0,0.0,1.0,1.0
2020-03-21,00002,AK,14.0,758.0,,0.0,,772,0.0,0.0,72.0,2.0,74.0
2020-03-21,00001,AL,124.0,28.0,,,0.0,152,0.0,0.0,0.0,43.0,43.0
2020-03-21,00005,AR,118.0,567.0,154.0,,,685,0.0,0.0,216.0,22.0,238.0
2020-03-21,00060,AS,,,,,0.0,0,0.0,0.0,0.0,0.0,0.0
2020-03-21,00004,AZ,104.0,240.0,122.0,,1.0,344,1.0,0.0,29.0,39.0,68.0
2020-03-21,00006,CA,1279.0,11249.0,,,24.0,12528,4.0,0.0,825.0,216.0,1041.0
2020-03-21,00008,CO,363.0,3317.0,,44.0,4.0,3680,1.0,44.0,642.0,86.0,728.0
2020-03-21,00009,CT,194.0,2106.0,,,4.0,2300,1.0,0.0,1502.0,0.0,1502.0
2020-03-21,00011,DC,77.0,506.0,0.0,,1.0,583,0.0,0.0,5.0,6.0,11.0
2020-03-21,00010,DE,45.0,36.0,,,0.0,81,0.0,0.0,0.0,7.0,7.0
2020-03-21,00012,FL,658.0,6579.0,1002.0,158.0,12.0,7237,2.0,158.0,4709.0,138.0,4847.0
2020-03-21,00013,GA,507.0,2557.0,,,14.0,3064,1.0,0.0,591.0,87.0,678.0
2020-03-21,00066,GU,15.0,108.0,,,,123,0.0,0.0,22.0,1.0,23.0
2020-03-21,00015,HI,37.0,124.0,9.0,,,161,0.0,0.0,0.0,11.0,11.0
2020-03-21,00019,IA,68.0,1049.0,,,,1117,0.0,0.0,407.0,23.0,430.0
2020-03-21,00016,ID,31.0,880.0,,,,911,0.0,0.0,290.0,8.0,298.0
2020-03-21,00017,IL,753.0,5488.0,,,6.0,6241,1.0,0.0,1792.0,168.0,1960.0
2020-03-21,00018,IN,126.0,707.0,,1.0,4.0,833,2.0,1.0,232.0,47.0,279.0
2020-03-21,00020,KS,55.0,417.0,,,2.0,472,1.0,0.0,0.0,11.0,11.0
2020-03-21,00021,KY,54.0,714.0,,,2.0,768,1.0,0.0,122.0,7.0,129.0
2020-03-21,00022,LA,585.0,2180.0,,,16.0,2765,4.0,0.0,1612.0,106.0,1718.0
2020-03-21,00025,MA,525.0,4752.0,,61.0,1.0,5277,0.0,61.0,1074.0,112.0,1186.0
2020-03-21,00024,MD,190.0,94.0,,,2.0,284,1.0,0.0,0.0,41.0,41.0
2020-03-21,00023,ME,73.0,2264.0,,,,2337,0.0,0.0,0.0,16.0,16.0
2020-03-21,00026,MI,787.0,2069.0,,,5.0,2856,2.0,0.0,0.0,238.0,238.0
2020-03-21,00027,MN,138.0,3952.0,,,1.0,4090,1.0,0.0,211.0,23.0,234.0
2020-03-21,00029,MO,73.0,369.0,,,3.0,442,2.0,0.0,0.0,26.0,26.0
2020-03-21,00069,MP,0.0,,,,0.0,0,0.0,0.0,0.0,0.0,0.0
2020-03-21,00028,MS,140.0,695.0,,,1.0,835,0.0,0.0,0.0,60.0,60.0
2020-03-21,00030,MT,20.0,1146.0,,,,1166,0.0,0.0,215.0,4.0,219.0
2020-03-21,00037,NC,184.0,5092.0,,,0.0,5276,0.0,0.0,1996.0,47.0,2043.0
2020-03-21,00038,ND,28.0,1141.0,,3.0,0.0,1169,0.0,3.0,341.0,8.0,349.0
2020-03-21,00031,NE,38.0,356.0,,,0.0,394,0.0,0.0,116.0,6.0,122.0
2020-03-21,00033,NH,55.0,973.0,942.0,,,1028,0.0,0.0,228.0,11.0,239.0
2020-03-21,00034,NJ,1327.0,294.0,40.0,,16.0,1621,5.0,0.0,30.0,437.0,467.0
2020-03-21,00035,NM,57.0,3771.0,,,,3828,0.0,0.0,0.0,14.0,14.0
2020-03-21,00032,NV,124.0,2384.0,,,2.0,2508,1.0,0.0,392.0,15.0,407.0
2020-03-21,00036,NY,10356.0,35081.0,,1603.0,44.0,45437,9.0,1603.0,9756.0,3254.0,13010.0
2020-03-21,00039,OH,247.0,140.0,,58.0,3.0,387,2.0,58.0,0.0,78.0,78.0
2020-03-21,00040,OK,53.0,560.0,144.0,10.0,1.0,613,0.0,10.0,22.0,4.0,26.0
2020-03-21,00041,OR,114.0,2003.0,433.0,,3.0,2117,0.0,0.0,0.0,0.0,0.0
2020-03-21,00042,PA,371.0,3766.0,,,2.0,4137,1.0,0.0,1192.0,103.0,1295.0
2020-03-21,00072,PR,21.0,143.0,71.0,,,164,0.0,0.0,29.0,7.0,36.0
2020-03-21,00044,RI,66.0,862.0,290.0,,,928,0.0,0.0,208.0,12.0,220.0
2020-03-21,00045,SC,152.0,1255.0,,,1.0,1407,0.0,0.0,422.0,71.0,493.0
2020-03-21,00046,SD,14.0,691.0,268.0,,1.0,705,0.0,0.0,28.0,0.0,28.0
2020-03-21,00047,TN,371.0,3272.0,,,,3643,0.0,0.0,2709.0,143.0,2852.0
2020-03-21,00048,TX,304.0,6218.0,,,5.0,6522,0.0,0.0,1135.0,110.0,1245.0
2020-03-21,00049,UT,136.0,2424.0,,,0.0,2560,0.0,0.0,389.0,24.0,413.0
2020-03-21,00051,VA,152.0,2638.0,,25.0,2.0,2790,0.0,25.0,427.0,38.0,465.0
2020-03-21,00078,VI,6.0,,,,0.0,6,0.0,0.0,0.0,3.0,3.0
2020-03-21,00050,VT,29.0,779.0,,,2.0,808,0.0,0.0,0.0,0.0,0.0
2020-03-21,00053,WA,1524.0,21719.0,,,83.0,23243,9.0,0.0,2383.0,148.0,2531.0
2020-03-21,00055,WI,281.0,4628.0,,,4.0,4909,1.0,0.0,1173.0,75.0,1248.0
2020-03-21,00054,WV,11.0,330.0,2.0,1.0,0.0,341,0.0,1.0,111.0,4.0,115.0
2020-03-21,00056,WY,23.0,438.0,,,,461,0.0,0.0,107.0,4.0,111.0
2020-03-20,00002,AK,12.0,686.0,,,,698,0.0,0.0,286.0,6.0,292.0
2020-03-20,00001,AL,81.0,28.0,,,0.0,109,0.0,0.0,0.0,13.0,13.0
2020-03-20,00005,AR,96.0,351.0,203.0,,,447,0.0,0.0,41.0,50.0,91.0
2020-03-20,00060,AS,0.0,,,,0.0,0,0.0,0.0,0.0,0.0,0.0
2020-03-20,00004,AZ,65.0,211.0,101.0,,0.0,276,0.0,0.0,36.0,21.0,57.0
2020-03-20,00006,CA,1063.0,10424.0,,,20.0,11487,2.0,0.0,1637.0,139.0,1776.0
2020-03-20,00008,CO,277.0,2675.0,,,3.0,2952,1.0,0.0,563.0,61.0,624.0
2020-03-20,00009,CT,194.0,604.0,,,3.0,798,2.0,0.0,0.0,98.0,98.0
2020-03-20,00011,DC,71.0,501.0,1.0,,1.0,572,1.0,0.0,348.0,32.0,380.0
2020-03-20,00010,DE,38.0,36.0,,,0.0,74,0.0,0.0,0.0,8.0,8.0
2020-03-20,00012,FL,520.0,1870.0,1026.0,,10.0,2390,2.0,0.0,337.0,130.0,467.0
2020-03-20,00013,GA,420.0,1966.0,,,13.0,2386,3.0,0.0,422.0,133.0,555.0
2020-03-20,00066,GU,14.0,86.0,,,,100,0.0,0.0,17.0,2.0,19.0
2020-03-20,00015,HI,26.0,124.0,9.0,,,150,0.0,0.0,31.0,10.0,41.0
2020-03-20,00019,IA,45.0,642.0,,,,687,0.0,0.0,559.0,7.0,566.0
2020-03-20,00016,ID,23.0,590.0,,,,613,0.0,0.0,133.0,12.0,145.0
2020-03-20,00017,IL,585.0,3696.0,,,5.0,4281,1.0,0.0,971.0,163.0,1134.0
2020-03-20,00018,IN,79.0,475.0,,,2.0,554,0.0,0.0,151.0,23.0,174.0
2020-03-20,00020,KS,44.0,417.0,,,1.0,461,0.0,0.0,0.0,10.0,10.0
2020-03-20,00021,KY,47.0,592.0,,,1.0,639,0.0,0.0,138.0,12.0,150.0
2020-03-20,00022,LA,479.0,568.0,,,12.0,1047,4.0,0.0,110.0,132.0,242.0
2020-03-20,00025,MA,413.0,3678.0,,,1.0,4091,1.0,0.0,874.0,85.0,959.0
2020-03-20,00024,MD,149.0,94.0,,,1.0,243,0.0,0.0,0.0,42.0,42.0
2020-03-20,00023,ME,57.0,2264.0,,,,2321,0.0,0.0,260.0,4.0,264.0
2020-03-20,00026,MI,549.0,2069.0,,,3.0,2618,0.0,0.0,-44.0,213.0,169.0
2020-03-20,00027,MN,115.0,3741.0,,,,3856,0.0,0.0,792.0,26.0,818.0
2020-03-20,00029,MO,47.0,369.0,,,1.0,416,0.0,0.0,61.0,23.0,84.0
2020-03-20,00069,MP,0.0,,,,0.0,0,0.0,0.0,0.0,0.0,0.0
2020-03-20,00028,MS,80.0,695.0,,,1.0,775,1.0,0.0,143.0,30.0,173.0
2020-03-20,00030,MT,16.0,931.0,,,,947,0.0,0.0,170.0,4.0,174.0
2020-03-20,00037,NC,137.0,3096.0,,,0.0,3233,0.0,0.0,688.0,40.0,728.0
2020-03-20,00038,ND,20.0,800.0,,,0.0,820,0.0,0.0,307.0,5.0,312.0
2020-03-20,00031,NE,32.0,240.0,,,0.0,272,0.0,0.0,0.0,5.0,5.0
2020-03-20,00033,NH,44.0,745.0,631.0,,,789,0.0,0.0,124.0,5.0,129.0
2020-03-20,00034,NJ,890.0,264.0,86.0,,11.0,1154,2.0,0.0,54.0,148.0,202.0
2020-03-20,00035,NM,43.0,3771.0,,,,3814,0.0,0.0,1009.0,8.0,1017.0
2020-03-20,00032,NV,109.0,1992.0,-3.0,,1.0,2101,0.0,0.0,366.0,14.0,380.0
2020-03-20,00036,NY,7102.0,25325.0,,,35.0,32427,23.0,0.0,7193.0,2950.0,10143.0
2020-03-20,00039,OH,169.0,140.0,,,1.0,309,1.0,0.0,0.0,50.0,50.0
2020-03-20,00040,OK,49.0,538.0,374.0,,1.0,587,0.0,0.0,72.0,5.0,77.0
2020-03-20,00041,OR,114.0,2003.0,433.0,,3.0,2117,0.0,0.0,674.0,26.0,700.0
2020-03-20,00042,PA,268.0,2574.0,,,1.0,2842,0.0,0.0,966.0,83.0,1049.0
2020-03-20,00072,PR,14.0,114.0,52.0,,,128,0.0,0.0,58.0,9.0,67.0
2020-03-20,00044,RI,54.0,654.0,140.0,,,708,0.0,0.0,114.0,21.0,135.0
2020-03-20,00045,SC,81.0,833.0,,,1.0,914,0.0,0.0,250.0,21.0,271.0
2020-03-20,00046,SD,14.0,663.0,270.0,,1.0,677,0.0,0.0,112.0,3.0,115.0
2020-03-20,00047,TN,228.0,563.0,,,,791,0.0,0.0,214.0,74.0,288.0
2020-03-20,00048,TX,194.0,5083.0,,,5.0,5277,2.0,0.0,2871.0,51.0,2922.0
2020-03-20,00049,UT,112.0,2035.0,,,0.0,2147,0.0,0.0,587.0,34.0,621.0
2020-03-20,00051,VA,114.0,2211.0,,,2.0,2325,0.0,0.0,382.0,20.0,402.0
2020-03-20,00078,VI,3.0,,,,0.0,3,0.0,0.0,0.0,0.0,0.0
2020-03-20,00050,VT,29.0,779.0,,,2.0,808,2.0,0.0,134.0,7.0,141.0
2020-03-20,00053,WA,1376.0,19336.0,,,74.0,20712,8.0,0.0,3418.0,189.0,3607.0
2020-03-20,00055,WI,206.0,3455.0,,,3.0,3661,3.0,0.0,1263.0,51.0,1314.0
2020-03-20,00054,WV,7.0,219.0,13.0,,0.0,226,0.0,0.0,76.0,5.0,81.0
2020-03-20,00056,WY,19.0,331.0,,,,350,0.0,0.0,60.0,1.0,61.0
2020-03-19,00002,AK,6.0,400.0,,,,406,0.0,0.0,-6.0,0.0,-6.0
2020-03-19,00001,AL,68.0,28.0,,,0.0,96,0.0,0.0,0.0,22.0,22.0
2020-03-19,00005,AR,46.0,310.0,113.0,,,356,0.0,0.0,74.0,13.0,87.0
2020-03-19,00060,AS,0.0,,,,0.0,0,0.0,0.0,0.0,0.0,0.0
2020-03-19,00004,AZ,44.0,175.0,130.0,,0.0,219,0.0,0.0,27.0,16.0,43.0
2020-03-19,00006,CA,924.0,8787.0,,,18.0,9711,5.0,0.0,806.0,313.0,1119.0
2020-03-19,00008,CO,216.0,2112.0,,,2.0,2328,0.0,0.0,495.0,33.0,528.0
2020-03-19,00009,CT,96.0,604.0,,,1.0,700,1.0,0.0,479.0,28.0,507.0
2020-03-19,00011,DC,39.0,153.0,11.0,,0.0,192,0.0,0.0,15.0,8.0,23.0
2020-03-19,00010,DE,30.0,36.0,,,0.0,66,0.0,0.0,0.0,5.0,5.0
2020-03-19,00012,FL,390.0,1533.0,1019.0,,8.0,1923,1.0,0.0,308.0,76.0,384.0
2020-03-19,00013,GA,287.0,1544.0,,,10.0,1831,9.0,0.0,233.0,90.0,323.0
2020-03-19,00066,GU,12.0,69.0,,,,81,0.0,0.0,12.0,4.0,16.0
2020-03-19,00015,HI,16.0,93.0,9.0,,,109,0.0,0.0,0.0,2.0,2.0
2020-03-19,00019,IA,38.0,83.0,,,,121,0.0,0.0,0.0,9.0,9.0
2020-03-19,00016,ID,11.0,457.0,,,,468,0.0,0.0,-2.0,2.0,0.0
2020-03-19,00017,IL,422.0,2725.0,,,4.0,3147,3.0,0.0,962.0,134.0,1096.0
2020-03-19,00018,IN,56.0,324.0,,,2.0,380,0.0,0.0,170.0,17.0,187.0
2020-03-19,00020,KS,34.0,417.0,,,1.0,451,0.0,0.0,0.0,18.0,18.0
2020-03-19,00021,KY,35.0,454.0,,,1.0,489,0.0,0.0,100.0,9.0,109.0
2020-03-19,00022,LA,347.0,458.0,,,8.0,805,2.0,0.0,123.0,107.0,230.0
2020-03-19,00025,MA,328.0,2804.0,,,,3132,0.0,0.0,789.0,72.0,861.0
2020-03-19,00024,MD,107.0,94.0,,,1.0,201,1.0,0.0,0.0,22.0,22.0
2020-03-19,00023,ME,53.0,2004.0,,,,2057,0.0,0.0,334.0,10.0,344.0
2020-03-19,00026,MI,336.0,2113.0,,,3.0,2449,3.0,0.0,1841.0,256.0,2097.0
2020-03-19,00027,MN,89.0,2949.0,,,,3038,0.0,0.0,264.0,12.0,276.0
2020-03-19,00029,MO,24.0,308.0,,,1.0,332,1.0,0.0,55.0,11.0,66.0
2020-03-19,00069,MP,0.0,,,,0.0,0,0.0,0.0,0.0,0.0,0.0
2020-03-19,00028,MS,50.0,552.0,,,,602,0.0,0.0,73.0,16.0,89.0
2020-03-19,00030,MT,12.0,761.0,0.0,,,773,0.0,0.0,262.0,2.0,264.0
2020-03-19,00037,NC,97.0,2408.0,,,0.0,2505,0.0,0.0,621.0,34.0,655.0
2020-03-19,00038,ND,15.0,493.0,,,0.0,508,0.0,0.0,225.0,9.0,234.0
2020-03-19,00031,NE,27.0,240.0,,,0.0,267,0.0,0.0,34.0,3.0,37.0
2020-03-19,00033,NH,39.0,621.0,231.0,,,660,0.0,0.0,108.0,13.0,121.0
2020-03-19,00034,NJ,742.0,210.0,74.0,,9.0,952,4.0,0.0,20.0,315.0,335.0
2020-03-19,00035,NM,35.0,2762.0,,,,2797,0.0,0.0,436.0,7.0,443.0
2020-03-19,00032,NV,95.0,1626.0,,,1.0,1721,0.0,0.0,1458.0,40.0,1498.0
2020-03-19,00036,NY,4152.0,18132.0,,,12.0,22284,0.0,0.0,5917.0,1770.0,7687.0
2020-03-19,00039,OH,119.0,140.0,,,,259,0.0,0.0,0.0,31.0,31.0
2020-03-19,00040,OK,44.0,466.0,250.0,,1.0,510,1.0,0.0,88.0,15.0,103.0
2020-03-19,00041,OR,88.0,1329.0,437.0,,3.0,1417,0.0,0.0,211.0,13.0,224.0
2020-03-19,00042,PA,185.0,1608.0,,,1.0,1793,1.0,0.0,421.0,52.0,473.0
2020-03-19,00072,PR,5.0,56.0,29.0,,,61,0.0,0.0,25.0,0.0,25.0
2020-03-19,00044,RI,33.0,540.0,334.0,,,573,0.0,0.0,0.0,0.0,0.0
2020-03-19,00045,SC,60.0,583.0,,,1.0,643,0.0,0.0,0.0,0.0,0.0
2020-03-19,00046,SD,11.0,551.0,385.0,,1.0,562,0.0,0.0,0.0,0.0,0.0
2020-03-19,00047,TN,154.0,349.0,,,,503,0.0,0.0,0.0,56.0,56.0
2020-03-19,00048,TX,143.0,2212.0,,,3.0,2355,1.0,0.0,388.0,60.0,448.0
2020-03-19,00049,UT,78.0,1448.0,,,0.0,1526,0.0,0.0,1317.0,15.0,1332.0
2020-03-19,00051,VA,94.0,1829.0,,,2.0,1923,1.0,0.0,628.0,17.0,645.0
2020-03-19,00078,VI,3.0,,,,0.0,3,0.0,0.0,0.0,1.0,1.0
2020-03-19,00050,VT,22.0,645.0,,,,667,0.0,0.0,53.0,3.0,56.0
2020-03-19,00053,WA,1187.0,15918.0,,,66.0,17105,14.0,0.0,2801.0,175.0,2976.0
2020-03-19,00055,WI,155.0,2192.0,,,,2347,0.0,0.0,615.0,49.0,664.0
2020-03-19,00054,WV,2.0,143.0,3.0,,0.0,145,0.0,0.0,21.0,1.0,22.0
2020-03-19,00056,WY,18.0,271.0,,,,289,0.0,0.0,93.0,3.0,96.0
2020-03-18,00002,AK,6.0,406.0,,,,412,0.0,0.0,72.0,3.0,75.0
2020-03-18,00001,AL,46.0,28.0,,,0.0,74,0.0,0.0,0.0,10.0,10.0
2020-03-18,00005,AR,33.0,236.0,50.0,,,269,0.0,0.0,39.0,11.0,50.0
2020-03-18,00060,AS,0.0,,,,0.0,0,0.0,0.0,0.0,0.0,0.0
2020-03-18,00004,AZ,28.0,148.0,102.0,,0.0,176,0.0,0.0,6.0,8.0,14.0
2020-03-18,00006,CA,611.0,7981.0,,,13.0,8592,2.0,0.0,0.0,128.0,128.0
2020-03-18,00008,CO,183.0,1617.0,,,2.0,1800,1.0,0.0,561.0,23.0,584.0
2020-03-18,00009,CT,68.0,125.0,,,,193,0.0,0.0,0.0,27.0,27.0
2020-03-18,00011,DC,31.0,138.0,1.0,,,169,0.0,0.0,34.0,9.0,43.0
2020-03-18,00010,DE,25.0,36.0,,,,61,0.0,0.0,0.0,9.0,9.0
2020-03-18,00012,FL,314.0,1225.0,954.0,,7.0,1539,1.0,0.0,285.0,128.0,413.0
2020-03-18,00013,GA,197.0,1311.0,,,1.0,1508,0.0,0.0,1311.0,51.0,1362.0
2020-03-18,00066,GU,8.0,57.0,,,,65,0.0,0.0,16.0,3.0,19.0
2020-03-18,00015,HI,14.0,93.0,12.0,,,107,0.0,0.0,93.0,4.0,97.0
2020-03-18,00019,IA,29.0,83.0,,,,112,0.0,0.0,0.0,6.0,6.0
2020-03-18,00016,ID,9.0,459.0,,,,468,0.0,0.0,113.0,2.0,115.0
2020-03-18,00017,IL,288.0,1763.0,,,1.0,2051,0.0,0.0,423.0,128.0,551.0
2020-03-18,00018,IN,39.0,154.0,,,2.0,193,0.0,0.0,25.0,9.0,34.0
2020-03-18,00020,KS,16.0,417.0,,,1.0,433,0.0,0.0,35.0,1.0,36.0
2020-03-18,00021,KY,26.0,354.0,,,1.0,380,0.0,0.0,59.0,4.0,63.0
2020-03-18,00022,LA,240.0,335.0,,,6.0,575,2.0,0.0,49.0,69.0,118.0
2020-03-18,00025,MA,256.0,2015.0,,,,2271,0.0,0.0,474.0,38.0,512.0
2020-03-18,00024,MD,85.0,94.0,,,,179,0.0,0.0,0.0,28.0,28.0
2020-03-18,00023,ME,43.0,1670.0,,,,1713,0.0,0.0,367.0,11.0,378.0
2020-03-18,00026,MI,80.0,272.0,,,,352,0.0,0.0,0.0,15.0,15.0
2020-03-18,00027,MN,77.0,2685.0,,,,2762,0.0,0.0,409.0,17.0,426.0
2020-03-18,00029,MO,13.0,253.0,,,0.0,266,0.0,0.0,46.0,5.0,51.0
2020-03-18,00069,MP,0.0,,,,0.0,0,0.0,0.0,0.0,0.0,0.0
2020-03-18,00028,MS,34.0,479.0,,,,513,0.0,0.0,111.0,13.0,124.0
2020-03-18,00030,MT,10.0,499.0,0.0,,,509,0.0,0.0,196.0,2.0,198.0
2020-03-18,00037,NC,63.0,1787.0,,,0.0,1850,0.0,0.0,1313.0,23.0,1336.0
2020-03-18,00038,ND,6.0,268.0,,,0.0,274,0.0,0.0,48.0,3.0,51.0
2020-03-18,00031,NE,24.0,206.0,,,,230,0.0,0.0,0.0,3.0,3.0
2020-03-18,00033,NH,26.0,513.0,208.0,,,539,0.0,0.0,158.0,9.0,167.0
2020-03-18,00034,NJ,427.0,190.0,21.0,,5.0,617,2.0,0.0,27.0,160.0,187.0
2020-03-18,00035,NM,28.0,2326.0,,,,2354,0.0,0.0,1077.0,5.0,1082.0
2020-03-18,00032,NV,55.0,168.0,,,1.0,223,0.0,0.0,0.0,0.0,0.0
2020-03-18,00036,NY,2382.0,12215.0,,,12.0,14597,5.0,0.0,6709.0,682.0,7391.0
2020-03-18,00039,OH,88.0,140.0,,,,228,0.0,0.0,0.0,21.0,21.0
2020-03-18,00040,OK,29.0,378.0,110.0,,,407,0.0,0.0,131.0,12.0,143.0
2020-03-18,00041,OR,75.0,1118.0,361.0,,3.0,1193,3.0,0.0,429.0,28.0,457.0
2020-03-18,00042,PA,133.0,1187.0,,,,1320,0.0,0.0,308.0,37.0,345.0
2020-03-18,00072,PR,5.0,31.0,21.0,,,36,0.0,0.0,18.0,0.0,18.0
2020-03-18,00044,RI,33.0,540.0,334.0,,,573,0.0,0.0,232.0,12.0,244.0
2020-03-18,00045,SC,60.0,583.0,,,1.0,643,0.0,0.0,272.0,27.0,299.0
2020-03-18,00046,SD,11.0,551.0,350.0,,1.0,562,1.0,0.0,0.0,0.0,0.0
2020-03-18,00047,TN,98.0,349.0,,,,447,0.0,0.0,19.0,25.0,44.0
2020-03-18,00048,TX,83.0,1824.0,,,2.0,1907,1.0,0.0,620.0,19.0,639.0
2020-03-18,00049,UT,63.0,131.0,,,0.0,194,0.0,0.0,0.0,12.0,12.0
2020-03-18,00051,VA,77.0,1201.0,,,1.0,1278,0.0,0.0,240.0,10.0,250.0
2020-03-18,00078,VI,2.0,,,,0.0,2,0.0,0.0,0.0,0.0,0.0
2020-03-18,00050,VT,19.0,592.0,,,,611,0.0,0.0,97.0,9.0,106.0
2020-03-18,00053,WA,1012.0,13117.0,,,52.0,14129,4.0,0.0,1535.0,108.0,1643.0
2020-03-18,00055,WI,106.0,1577.0,,,,1683,0.0,0.0,539.0,34.0,573.0
2020-03-18,00054,WV,1.0,122.0,14.0,,0.0,123,0.0,0.0,42.0,1.0,43.0
2020-03-18,00056,WY,15.0,178.0,,,,193,0.0,0.0,83.0,5.0,88.0
2020-03-17,00002,AK,3.0,334.0,,,,337,0.0,0.0,191.0,2.0,193.0
2020-03-17,00001,AL,36.0,28.0,,,0.0,64,0.0,0.0,0.0,8.0,8.0
2020-03-17,00005,AR,22.0,197.0,41.0,,,219,0.0,0.0,65.0,0.0,65.0
2020-03-17,00060,AS,0.0,,,,,0,0.0,0.0,0.0,0.0,0.0
2020-03-17,00004,AZ,20.0,142.0,66.0,,0.0,162,0.0,0.0,17.0,2.0,19.0
2020-03-17,00006,CA,483.0,7981.0,,,11.0,8464,5.0,0.0,0.0,148.0,148.0
2020-03-17,00008,CO,160.0,1056.0,,,1.0,1216,0.0,0.0,429.0,29.0,458.0
2020-03-17,00009,CT,41.0,125.0,,,,166,0.0,0.0,0.0,15.0,15.0
2020-03-17,00011,DC,22.0,104.0,0.0,,,126,0.0,0.0,8.0,5.0,13.0
2020-03-17,00010,DE,16.0,36.0,,,,52,0.0,0.0,0.0,8.0,8.0
2020-03-17,00012,FL,186.0,940.0,872.0,,6.0,1126,2.0,0.0,256.0,45.0,301.0
2020-03-17,00013,GA,146.0,,,,1.0,146,0.0,0.0,0.0,25.0,25.0
2020-03-17,00066,GU,5.0,41.0,,,,46,0.0,0.0,18.0,2.0,20.0
2020-03-17,00015,HI,10.0,,,,,10,0.0,0.0,0.0,3.0,3.0
2020-03-17,00019,IA,23.0,83.0,,,,106,0.0,0.0,0.0,1.0,1.0
2020-03-17,00016,ID,7.0,346.0,,,,353,0.0,0.0,81.0,2.0,83.0
2020-03-17,00017,IL,160.0,1340.0,,,1.0,1500,1.0,0.0,408.0,67.0,475.0
2020-03-17,00018,IN,30.0,129.0,,,2.0,159,1.0,0.0,14.0,6.0,20.0
2020-03-17,00020,KS,15.0,382.0,,,1.0,397,0.0,0.0,216.0,4.0,220.0
2020-03-17,00021,KY,22.0,295.0,,,1.0,317,0.0,0.0,61.0,1.0,62.0
2020-03-17,00022,LA,171.0,286.0,,,4.0,457,2.0,0.0,98.0,57.0,155.0
2020-03-17,00025,MA,218.0,1541.0,,,,1759,0.0,0.0,1189.0,54.0,1243.0
2020-03-17,00024,MD,57.0,94.0,,,,151,0.0,0.0,0.0,20.0,20.0
2020-03-17,00023,ME,32.0,1303.0,,,,1335,0.0,0.0,539.0,15.0,554.0
2020-03-17,00026,MI,65.0,272.0,,,,337,0.0,0.0,0.0,12.0,12.0
2020-03-17,00027,MN,60.0,2276.0,,,,2336,0.0,0.0,437.0,6.0,443.0
2020-03-17,00029,MO,8.0,207.0,,,0.0,215,0.0,0.0,43.0,2.0,45.0
2020-03-17,00069,MP,0.0,,,,,0,0.0,0.0,0.0,0.0,0.0
2020-03-17,00028,MS,21.0,368.0,,,,389,0.0,0.0,91.0,9.0,100.0
2020-03-17,00030,MT,8.0,303.0,0.0,,,311,0.0,0.0,105.0,1.0,106.0
2020-03-17,00037,NC,40.0,474.0,,,0.0,514,0.0,0.0,178.0,7.0,185.0
2020-03-17,00038,ND,3.0,220.0,0.0,,0.0,223,0.0,0.0,97.0,2.0,99.0
2020-03-17,00031,NE,21.0,206.0,,,,227,0.0,0.0,36.0,3.0,39.0
2020-03-17,00033,NH,17.0,355.0,195.0,,,372,0.0,0.0,84.0,4.0,88.0
2020-03-17,00034,NJ,267.0,163.0,55.0,,3.0,430,1.0,0.0,43.0,89.0,132.0
2020-03-17,00035,NM,23.0,1249.0,,,,1272,0.0,0.0,683.0,6.0,689.0
2020-03-17,00032,NV,55.0,168.0,,,1.0,223,0.0,0.0,0.0,10.0,10.0
2020-03-17,00036,NY,1700.0,5506.0,,,7.0,7206,0.0,0.0,963.0,750.0,1713.0
2020-03-17,00039,OH,67.0,140.0,,,,207,0.0,0.0,0.0,17.0,17.0
2020-03-17,00040,OK,17.0,247.0,82.0,,,264,0.0,0.0,73.0,7.0,80.0
2020-03-17,00041,OR,47.0,689.0,184.0,,,736,0.0,0.0,110.0,8.0,118.0
2020-03-17,00042,PA,96.0,879.0,,,,975,0.0,0.0,209.0,20.0,229.0
2020-03-17,00072,PR,5.0,13.0,4.0,,,18,0.0,0.0,4.0,0.0,4.0
2020-03-17,00044,RI,21.0,308.0,149.0,,,329,0.0,0.0,0.0,0.0,0.0
2020-03-17,00045,SC,33.0,311.0,,,1.0,344,0.0,0.0,76.0,5.0,81.0
2020-03-17,00046,SD,11.0,551.0,35.0,,,562,0.0,0.0,57.0,1.0,58.0
2020-03-17,00047,TN,73.0,330.0,,,,403,0.0,0.0,60.0,21.0,81.0
2020-03-17,00048,TX,64.0,1204.0,,,1.0,1268,1.0,0.0,1204.0,7.0,1211.0
2020-03-17,00049,UT,51.0,131.0,,,0.0,182,0.0,0.0,0.0,12.0,12.0
2020-03-17,00051,VA,67.0,961.0,,,1.0,1028,0.0,0.0,523.0,16.0,539.0
2020-03-17,00078,VI,2.0,,,,,2,0.0,0.0,0.0,1.0,1.0
2020-03-17,00050,VT,10.0,495.0,,,,505,0.0,0.0,74.0,2.0,76.0
2020-03-17,00053,WA,904.0,11582.0,,,48.0,12486,6.0,0.0,2131.0,135.0,2266.0
2020-03-17,00055,WI,72.0,1038.0,,,,1110,0.0,0.0,534.0,25.0,559.0
2020-03-17,00054,WV,0.0,80.0,4.0,,0.0,80,0.0,0.0,0.0,0.0,0.0
2020-03-17,00056,WY,10.0,95.0,,,,105,0.0,0.0,95.0,7.0,102.0
2020-03-16,00002,AK,1.0,143.0,,,,144,0.0,0.0,0.0,0.0,0.0
2020-03-16,00001,AL,28.0,28.0,40.0,,0.0,56,0.0,0.0,0.0,16.0,16.0
2020-03-16,00005,AR,22.0,132.0,14.0,,,154,0.0,0.0,29.0,6.0,35.0
2020-03-16,00060,AS,0.0,,,,,0,,,,,
2020-03-16,00004,AZ,18.0,125.0,63.0,,0.0,143,0.0,0.0,4.0,6.0,10.0
2020-03-16,00006,CA,335.0,7981.0,,,6.0,8316,1.0,0.0,7065.0,42.0,7107.0
2020-03-16,00008,CO,131.0,627.0,,,1.0,758,0.0,0.0,0.0,0.0,0.0
2020-03-16,00009,CT,26.0,125.0,,,,151,0.0,0.0,0.0,6.0,6.0
2020-03-16,00011,DC,17.0,96.0,7.0,,,113,0.0,0.0,17.0,1.0,18.0
2020-03-16,00010,DE,8.0,36.0,32.0,,,44,0.0,0.0,0.0,2.0,2.0
2020-03-16,00012,FL,141.0,684.0,514.0,,4.0,825,0.0,0.0,6.0,25.0,31.0
2020-03-16,00013,GA,121.0,,,,1.0,121,0.0,0.0,0.0,22.0,22.0
2020-03-16,00066,GU,3.0,23.0,,,,26,,,,,
2020-03-16,00015,HI,7.0,,,,,7,0.0,0.0,0.0,5.0,5.0
2020-03-16,00019,IA,22.0,83.0,,,,105,0.0,0.0,0.0,4.0,4.0
2020-03-16,00016,ID,5.0,265.0,,,,270,0.0,0.0,91.0,0.0,91.0
2020-03-16,00017,IL,93.0,932.0,,,,1025,0.0,0.0,483.0,29.0,512.0
2020-03-16,00018,IN,24.0,115.0,,,1.0,139,1.0,0.0,13.0,5.0,18.0
2020-03-16,00020,KS,11.0,166.0,,,1.0,177,0.0,0.0,31.0,3.0,34.0
2020-03-16,00021,KY,21.0,234.0,,,1.0,255,1.0,0.0,95.0,5.0,100.0
2020-03-16,00022,LA,114.0,188.0,,,2.0,302,0.0,0.0,32.0,23.0,55.0
2020-03-16,00025,MA,164.0,352.0,,,,516,0.0,0.0,0.0,26.0,26.0
2020-03-16,00024,MD,37.0,94.0,,,,131,0.0,0.0,0.0,6.0,6.0
2020-03-16,00023,ME,17.0,764.0,,,,781,0.0,0.0,673.0,14.0,687.0
2020-03-16,00026,MI,53.0,272.0,30.0,,,325,0.0,0.0,67.0,20.0,87.0
2020-03-16,00027,MN,54.0,1839.0,,,,1893,0.0,0.0,452.0,19.0,471.0
2020-03-16,00029,MO,6.0,164.0,,,0.0,170,0.0,0.0,42.0,1.0,43.0
2020-03-16,00069,MP,0.0,,,,,0,,,,,
2020-03-16,00028,MS,12.0,277.0,,,,289,0.0,0.0,193.0,2.0,195.0
2020-03-16,00030,MT,7.0,198.0,0.0,,,205,0.0,0.0,95.0,0.0,95.0
2020-03-16,00037,NC,33.0,296.0,151.0,,0.0,329,0.0,0.0,69.0,1.0,70.0
2020-03-16,00038,ND,1.0,123.0,0.0,,0.0,124,0.0,0.0,28.0,0.0,28.0
2020-03-16,00031,NE,18.0,170.0,,,,188,0.0,0.0,90.0,1.0,91.0
2020-03-16,00033,NH,13.0,271.0,95.0,,,284,0.0,0.0,0.0,0.0,0.0
2020-03-16,00034,NJ,178.0,120.0,20.0,,2.0,298,0.0,0.0,0.0,80.0,80.0
2020-03-16,00035,NM,17.0,566.0,,,,583,0.0,0.0,84.0,4.0,88.0
2020-03-16,00032,NV,45.0,168.0,,,1.0,213,1.0,0.0,0.0,24.0,24.0
2020-03-16,00036,NY,950.0,4543.0,,,7.0,5493,4.0,0.0,0.0,221.0,221.0
2020-03-16,00039,OH,50.0,140.0,361.0,,,190,0.0,0.0,1.0,14.0,15.0
2020-03-16,00040,OK,10.0,174.0,29.0,,,184,0.0,0.0,56.0,1.0,57.0
2020-03-16,00041,OR,39.0,579.0,182.0,,,618,0.0,0.0,159.0,3.0,162.0
2020-03-16,00042,PA,76.0,670.0,,,,746,0.0,0.0,465.0,13.0,478.0
2020-03-16,00072,PR,5.0,9.0,,,,14,,,,,
2020-03-16,00044,RI,21.0,308.0,149.0,,,329,0.0,0.0,110.0,1.0,111.0
2020-03-16,00045,SC,28.0,235.0,,,1.0,263,1.0,0.0,81.0,9.0,90.0
2020-03-16,00046,SD,10.0,494.0,0.0,,,504,0.0,0.0,167.0,1.0,168.0
2020-03-16,00047,TN,52.0,270.0,,,,322,0.0,0.0,113.0,13.0,126.0
2020-03-16,00048,TX,57.0,,,,,57,0.0,0.0,0.0,1.0,1.0
2020-03-16,00049,UT,39.0,131.0,,,0.0,170,0.0,0.0,0.0,11.0,11.0
2020-03-16,00051,VA,51.0,438.0,,,1.0,489,0.0,0.0,75.0,6.0,81.0
2020-03-16,00078,VI,1.0,,,,,1,,,,,
2020-03-16,00050,VT,8.0,421.0,,,,429,0.0,0.0,73.0,4.0,77.0
2020-03-16,00053,WA,769.0,9451.0,,,42.0,10220,2.0,0.0,2329.0,127.0,2456.0
2020-03-16,00055,WI,47.0,504.0,,,,551,0.0,0.0,191.0,14.0,205.0
2020-03-16,00054,WV,0.0,80.0,4.0,,0.0,80,0.0,0.0,42.0,0.0,42.0
2020-03-16,00056,WY,3.0,,,,,3,0.0,0.0,0.0,0.0,0.0
2020-03-15,00002,AK,1.0,143.0,,,,144,0.0,0.0,0.0,0.0,0.0
2020-03-15,00001,AL,12.0,28.0,46.0,,0.0,40,0.0,0.0,6.0,6.0,12.0
2020-03-15,00005,AR,16.0,103.0,30.0,,,119,0.0,0.0,38.0,4.0,42.0
2020-03-15,00004,AZ,12.0,121.0,50.0,,0.0,133,0.0,0.0,0.0,0.0,0.0
2020-03-15,00006,CA,293.0,916.0,,,5.0,1209,0.0,0.0,0.0,41.0,41.0
2020-03-15,00008,CO,131.0,627.0,,,1.0,758,0.0,0.0,17.0,30.0,47.0
2020-03-15,00009,CT,20.0,125.0,,,,145,0.0,0.0,0.0,9.0,9.0
2020-03-15,00011,DC,16.0,79.0,20.0,,,95,0.0,0.0,30.0,6.0,36.0
2020-03-15,00010,DE,6.0,36.0,32.0,,,42,0.0,0.0,0.0,0.0,0.0
2020-03-15,00012,FL,116.0,678.0,454.0,,4.0,794,1.0,0.0,200.0,39.0,239.0
2020-03-15,00013,GA,99.0,,,,1.0,99,0.0,0.0,0.0,33.0,33.0
2020-03-15,00015,HI,2.0,,,,,2,0.0,0.0,0.0,0.0,0.0
2020-03-15,00019,IA,18.0,83.0,,,,101,0.0,0.0,0.0,1.0,1.0
2020-03-15,00016,ID,5.0,174.0,,,,179,0.0,0.0,0.0,3.0,3.0
2020-03-15,00017,IL,64.0,449.0,195.0,,,513,0.0,0.0,133.0,18.0,151.0
2020-03-15,00018,IN,19.0,102.0,,,0.0,121,0.0,0.0,28.0,4.0,32.0
2020-03-15,00020,KS,8.0,135.0,,,1.0,143,0.0,0.0,42.0,2.0,44.0
2020-03-15,00021,KY,16.0,139.0,,,,155,0.0,0.0,0.0,2.0,2.0
2020-03-15,00022,LA,91.0,156.0,,,2.0,247,2.0,0.0,47.0,22.0,69.0
2020-03-15,00025,MA,138.0,352.0,,,,490,0.0,0.0,0.0,0.0,0.0
2020-03-15,00024,MD,31.0,94.0,,,,125,0.0,0.0,0.0,5.0,5.0
2020-03-15,00023,ME,3.0,91.0,17.0,,,94,0.0,0.0,0.0,0.0,0.0
2020-03-15,00026,MI,33.0,205.0,26.0,,,238,0.0,0.0,0.0,8.0,8.0
2020-03-15,00027,MN,35.0,1387.0,,,,1422,0.0,0.0,540.0,14.0,554.0
2020-03-15,00029,MO,5.0,122.0,,,0.0,127,0.0,0.0,32.0,1.0,33.0
2020-03-15,00028,MS,10.0,84.0,,,,94,0.0,0.0,0.0,4.0,4.0
2020-03-15,00030,MT,7.0,103.0,57.0,,,110,0.0,0.0,0.0,2.0,2.0
2020-03-15,00037,NC,32.0,227.0,151.0,,,259,0.0,0.0,90.0,9.0,99.0
2020-03-15,00038,ND,1.0,95.0,4.0,,0.0,96,0.0,0.0,41.0,0.0,41.0
2020-03-15,00031,NE,17.0,80.0,33.0,,,97,0.0,0.0,0.0,3.0,3.0
2020-03-15,00033,NH,13.0,271.0,95.0,,,284,0.0,0.0,59.0,6.0,65.0
2020-03-15,00034,NJ,98.0,120.0,34.0,,2.0,218,1.0,0.0,23.0,48.0,71.0
2020-03-15,00035,NM,13.0,482.0,,,,495,0.0,0.0,245.0,3.0,248.0
2020-03-15,00032,NV,21.0,168.0,164.0,,,189,0.0,0.0,0.0,1.0,1.0
2020-03-15,00036,NY,729.0,4543.0,,,3.0,5272,3.0,0.0,1764.0,205.0,1969.0
2020-03-15,00039,OH,36.0,139.0,350.0,,,175,0.0,0.0,89.0,23.0,112.0
2020-03-15,00040,OK,9.0,118.0,12.0,,,127,0.0,0.0,82.0,5.0,87.0
2020-03-15,00041,OR,36.0,420.0,225.0,,,456,0.0,0.0,83.0,6.0,89.0
2020-03-15,00042,PA,63.0,205.0,183.0,,,268,0.0,0.0,0.0,16.0,16.0
2020-03-15,00044,RI,20.0,198.0,57.0,,,218,0.0,0.0,0.0,0.0,0.0
2020-03-15,00045,SC,19.0,154.0,,,,173,0.0,0.0,44.0,6.0,50.0
2020-03-15,00046,SD,9.0,327.0,6.0,,,336,0.0,0.0,145.0,0.0,145.0
2020-03-15,00047,TN,39.0,157.0,,,,196,0.0,0.0,27.0,7.0,34.0
2020-03-15,00048,TX,56.0,,,,,56,0.0,0.0,0.0,5.0,5.0
2020-03-15,00049,UT,28.0,131.0,,,0.0,159,0.0,0.0,0.0,22.0,22.0
2020-03-15,00051,VA,45.0,363.0,,,1.0,408,1.0,0.0,246.0,15.0,261.0
2020-03-15,00050,VT,4.0,348.0,,,,352,0.0,0.0,121.0,0.0,121.0
2020-03-15,00053,WA,642.0,7122.0,,,40.0,7764,3.0,0.0,1121.0,74.0,1195.0
2020-03-15,00055,WI,33.0,313.0,,,,346,0.0,0.0,144.0,14.0,158.0
2020-03-15,00054,WV,0.0,38.0,1.0,,0.0,38,0.0,0.0,12.0,0.0,12.0
2020-03-15,00056,WY,3.0,,,,,3,0.0,0.0,0.0,1.0,1.0
2020-03-14,00002,AK,1.0,143.0,,,,144,0.0,0.0,84.0,0.0,84.0
2020-03-14,00001,AL,6.0,22.0,46.0,,,28,0.0,0.0,11.0,5.0,16.0
2020-03-14,00005,AR,12.0,65.0,26.0,,,77,0.0,0.0,35.0,3.0,38.0
2020-03-14,00004,AZ,12.0,121.0,50.0,,0.0,133,0.0,0.0,27.0,3.0,30.0
2020-03-14,00006,CA,252.0,916.0,,,5.0,1168,1.0,0.0,0.0,50.0,50.0
2020-03-14,00008,CO,101.0,610.0,,,1.0,711,1.0,0.0,86.0,29.0,115.0
2020-03-14,00009,CT,11.0,125.0,,,,136,0.0,0.0,26.0,5.0,31.0
2020-03-14,00011,DC,10.0,49.0,10.0,,,59,0.0,0.0,29.0,0.0,29.0
2020-03-14,00010,DE,6.0,36.0,32.0,,,42,0.0,0.0,6.0,2.0,8.0
2020-03-14,00012,FL,77.0,478.0,221.0,,3.0,555,1.0,0.0,0.0,27.0,27.0
2020-03-14,00013,GA,66.0,,,,1.0,66,0.0,0.0,0.0,24.0,24.0
2020-03-14,00015,HI,2.0,,,,,2,0.0,0.0,0.0,0.0,0.0
2020-03-14,00019,IA,17.0,83.0,,,,100,0.0,0.0,0.0,1.0,1.0
2020-03-14,00016,ID,2.0,174.0,,,,176,0.0,0.0,43.0,2.0,45.0
2020-03-14,00017,IL,46.0,316.0,82.0,,,362,0.0,0.0,22.0,14.0,36.0
2020-03-14,00018,IN,15.0,74.0,,,0.0,89,0.0,0.0,13.0,3.0,16.0
2020-03-14,00020,KS,6.0,93.0,,,1.0,99,1.0,0.0,0.0,0.0,0.0
2020-03-14,00021,KY,14.0,139.0,,,,153,0.0,0.0,32.0,3.0,35.0
2020-03-14,00022,LA,69.0,109.0,,,,178,0.0,0.0,72.0,33.0,105.0
2020-03-14,00025,MA,138.0,352.0,,,,490,0.0,0.0,260.0,15.0,275.0
2020-03-14,00024,MD,26.0,94.0,,,,120,0.0,0.0,0.0,9.0,9.0
2020-03-14,00023,ME,3.0,91.0,17.0,,,94,0.0,0.0,0.0,0.0,0.0
2020-03-14,00026,MI,25.0,205.0,26.0,,,230,0.0,0.0,72.0,9.0,81.0
2020-03-14,00027,MN,21.0,847.0,,,,868,0.0,0.0,306.0,7.0,313.0
2020-03-14,00029,MO,4.0,90.0,,,0.0,94,0.0,0.0,19.0,2.0,21.0
2020-03-14,00028,MS,6.0,84.0,,,,90,0.0,0.0,43.0,2.0,45.0
2020-03-14,00030,MT,5.0,103.0,,,,108,0.0,0.0,48.0,4.0,52.0
2020-03-14,00037,NC,23.0,137.0,,,,160,0.0,0.0,51.0,8.0,59.0
2020-03-14,00038,ND,1.0,54.0,14.0,,0.0,55,0.0,0.0,15.0,0.0,15.0
2020-03-14,00031,NE,14.0,80.0,33.0,,,94,0.0,0.0,0.0,1.0,1.0
2020-03-14,00033,NH,7.0,212.0,31.0,,,219,0.0,0.0,118.0,1.0,119.0
2020-03-14,00034,NJ,50.0,97.0,80.0,,1.0,147,0.0,0.0,0.0,0.0,0.0
2020-03-14,00035,NM,10.0,237.0,,,,247,0.0,0.0,47.0,0.0,47.0
2020-03-14,00032,NV,20.0,168.0,,,,188,0.0,0.0,0.0,9.0,9.0
2020-03-14,00036,NY,524.0,2779.0,,,,3303,0.0,0.0,0.0,103.0,103.0
2020-03-14,00039,OH,13.0,50.0,159.0,,,63,0.0,0.0,0.0,0.0,0.0
2020-03-14,00040,OK,4.0,36.0,37.0,,,40,0.0,0.0,0.0,1.0,1.0
2020-03-14,00041,OR,30.0,337.0,157.0,,,367,0.0,0.0,0.0,0.0,0.0
2020-03-14,00042,PA,47.0,205.0,150.0,,,252,0.0,0.0,65.0,14.0,79.0
2020-03-14,00044,RI,20.0,198.0,57.0,,,218,0.0,0.0,56.0,6.0,62.0
2020-03-14,00045,SC,13.0,110.0,,,,123,0.0,0.0,35.0,1.0,36.0
2020-03-14,00046,SD,9.0,182.0,3.0,,,191,0.0,0.0,109.0,0.0,109.0
2020-03-14,00047,TN,32.0,130.0,,,,162,0.0,0.0,14.0,6.0,20.0
2020-03-14,00048,TX,51.0,,,,,51,0.0,0.0,0.0,12.0,12.0
2020-03-14,00049,UT,6.0,131.0,,,,137,0.0,0.0,0.0,0.0,0.0
2020-03-14,00051,VA,30.0,117.0,,,,147,0.0,0.0,0.0,0.0,0.0
2020-03-14,00050,VT,4.0,227.0,,,,231,0.0,0.0,85.0,2.0,87.0
2020-03-14,00053,WA,568.0,6001.0,,,37.0,6569,6.0,0.0,1651.0,111.0,1762.0
2020-03-14,00055,WI,19.0,169.0,,,,188,0.0,0.0,0.0,0.0,0.0
2020-03-14,00054,WV,0.0,26.0,5.0,,,26,0.0,0.0,9.0,0.0,9.0
2020-03-14,00056,WY,2.0,,,,,2,0.0,0.0,0.0,1.0,1.0
2020-03-13,00002,AK,1.0,59.0,,,,60,0.0,0.0,13.0,1.0,14.0
2020-03-13,00001,AL,1.0,11.0,,,,12,0.0,0.0,1.0,1.0,2.0
2020-03-13,00005,AR,9.0,30.0,22.0,,,39,0.0,0.0,6.0,3.0,9.0
2020-03-13,00004,AZ,9.0,94.0,40.0,,0.0,103,0.0,0.0,12.0,0.0,12.0
2020-03-13,00006,CA,202.0,916.0,,,4.0,1118,0.0,0.0,0.0,0.0,0.0
2020-03-13,00008,CO,72.0,524.0,,,,596,0.0,0.0,226.0,27.0,253.0
2020-03-13,00009,CT,6.0,99.0,,,,105,0.0,0.0,10.0,0.0,10.0
2020-03-13,00011,DC,10.0,20.0,,,,30,0.0,0.0,0.0,0.0,0.0
2020-03-13,00010,DE,4.0,30.0,10.0,,,34,0.0,0.0,7.0,0.0,7.0
2020-03-13,00012,FL,50.0,478.0,221.0,,2.0,528,0.0,0.0,177.0,18.0,195.0
2020-03-13,00013,GA,42.0,,,,1.0,42,1.0,0.0,0.0,11.0,11.0
2020-03-13,00015,HI,2.0,,,,,2,0.0,0.0,0.0,0.0,0.0
2020-03-13,00019,IA,16.0,83.0,29.0,,,99,0.0,0.0,16.0,2.0,18.0
2020-03-13,00016,ID,0.0,131.0,,,,131,0.0,0.0,38.0,0.0,38.0
2020-03-13,00017,IL,32.0,294.0,92.0,,,326,0.0,0.0,28.0,7.0,35.0
2020-03-13,00018,IN,12.0,61.0,,,,73,0.0,0.0,9.0,0.0,9.0
2020-03-13,00020,KS,6.0,93.0,,,,99,0.0,0.0,52.0,2.0,54.0
2020-03-13,00021,KY,11.0,107.0,,,,118,0.0,0.0,51.0,3.0,54.0
2020-03-13,00022,LA,36.0,37.0,,,,73,0.0,0.0,0.0,22.0,22.0
2020-03-13,00025,MA,123.0,92.0,,,,215,0.0,0.0,92.0,28.0,120.0
2020-03-13,00024,MD,17.0,94.0,,,,111,0.0,0.0,0.0,5.0,5.0
2020-03-13,00023,ME,3.0,91.0,17.0,,,94,0.0,0.0,26.0,2.0,28.0
2020-03-13,00026,MI,16.0,133.0,26.0,,,149,0.0,0.0,42.0,14.0,56.0
2020-03-13,00027,MN,14.0,541.0,,,,555,0.0,0.0,234.0,5.0,239.0
2020-03-13,00029,MO,2.0,71.0,,,,73,0.0,0.0,7.0,1.0,8.0
2020-03-13,00028,MS,4.0,41.0,,,,45,0.0,0.0,0.0,3.0,3.0
2020-03-13,00030,MT,1.0,55.0,,,,56,0.0,0.0,21.0,0.0,21.0
2020-03-13,00037,NC,15.0,86.0,,,,101,0.0,0.0,26.0,3.0,29.0
2020-03-13,00038,ND,1.0,39.0,12.0,,0.0,40,0.0,0.0,27.0,0.0,27.0
2020-03-13,00031,NE,13.0,80.0,33.0,,,93,0.0,0.0,0.0,3.0,3.0
2020-03-13,00033,NH,6.0,94.0,21.0,,,100,0.0,0.0,0.0,0.0,0.0
2020-03-13,00034,NJ,50.0,97.0,80.0,,1.0,147,0.0,0.0,23.0,20.0,43.0
2020-03-13,00035,NM,10.0,190.0,,,,200,0.0,0.0,35.0,5.0,40.0
2020-03-13,00032,NV,11.0,168.0,,,,179,0.0,0.0,0.0,4.0,4.0
2020-03-13,00036,NY,421.0,2779.0,,,,3200,0.0,0.0,2687.0,205.0,2892.0
2020-03-13,00039,OH,13.0,50.0,159.0,,,63,0.0,0.0,20.0,8.0,28.0
2020-03-13,00040,OK,3.0,36.0,37.0,,,39,0.0,0.0,0.0,0.0,0.0
2020-03-13,00041,OR,30.0,337.0,157.0,,,367,0.0,0.0,51.0,11.0,62.0
2020-03-13,00042,PA,33.0,140.0,130.0,,,173,0.0,0.0,24.0,11.0,35.0
2020-03-13,00044,RI,14.0,142.0,29.0,,,156,0.0,0.0,48.0,9.0,57.0
2020-03-13,00045,SC,12.0,75.0,,,,87,0.0,0.0,27.0,2.0,29.0
2020-03-13,00046,SD,9.0,73.0,11.0,,,82,0.0,0.0,46.0,1.0,47.0
2020-03-13,00047,TN,26.0,116.0,,,,142,0.0,0.0,37.0,8.0,45.0
2020-03-13,00048,TX,39.0,,,,,39,0.0,0.0,0.0,16.0,16.0
2020-03-13,00049,UT,6.0,131.0,,,,137,0.0,0.0,0.0,2.0,2.0
2020-03-13,00051,VA,30.0,117.0,,,,147,0.0,0.0,0.0,13.0,13.0
2020-03-13,00050,VT,2.0,142.0,,,,144,0.0,0.0,45.0,0.0,45.0
2020-03-13,00053,WA,457.0,4350.0,,,31.0,4807,2.0,0.0,1313.0,120.0,1433.0
2020-03-13,00055,WI,19.0,169.0,,,,188,0.0,0.0,85.0,11.0,96.0
2020-03-13,00054,WV,0.0,17.0,4.0,,,17,0.0,0.0,10.0,0.0,10.0
2020-03-13,00056,WY,1.0,,,,,1,0.0,0.0,0.0,0.0,0.0
2020-03-12,00002,AK,0.0,46.0,14.0,,,46,0.0,0.0,0.0,0.0,0.0
2020-03-12,00001,AL,0.0,10.0,,,,10,0.0,0.0,0.0,0.0,0.0
2020-03-12,00005,AR,6.0,24.0,20.0,,,30,0.0,0.0,12.0,6.0,18.0
2020-03-12,00004,AZ,9.0,82.0,24.0,,,91,0.0,0.0,23.0,0.0,23.0
2020-03-12,00006,CA,202.0,916.0,,,4.0,1118,4.0,0.0,0.0,45.0,45.0
2020-03-12,00008,CO,45.0,298.0,,,,343,0.0,0.0,47.0,17.0,64.0
2020-03-12,00009,CT,6.0,89.0,,,,95,0.0,0.0,18.0,3.0,21.0
2020-03-12,00011,DC,10.0,20.0,,,,30,0.0,0.0,0.0,6.0,6.0
2020-03-12,00010,DE,4.0,23.0,14.0,,,27,0.0,0.0,6.0,3.0,9.0
2020-03-12,00012,FL,32.0,301.0,147.0,,2.0,333,0.0,0.0,0.0,4.0,4.0
2020-03-12,00013,GA,31.0,,,,,31,0.0,0.0,0.0,9.0,9.0
2020-03-12,00015,HI,2.0,,,,,2,0.0,0.0,0.0,0.0,0.0
2020-03-12,00019,IA,14.0,67.0,24.0,,,81,0.0,0.0,21.0,1.0,22.0
2020-03-12,00016,ID,0.0,93.0,,,,93,0.0,0.0,26.0,0.0,26.0
2020-03-12,00017,IL,25.0,266.0,76.0,,,291,0.0,0.0,22.0,6.0,28.0
2020-03-12,00018,IN,12.0,52.0,,,,64,0.0,0.0,19.0,2.0,21.0
2020-03-12,00020,KS,4.0,41.0,,,,45,0.0,0.0,0.0,3.0,3.0
2020-03-12,00021,KY,8.0,56.0,,,,64,0.0,0.0,10.0,0.0,10.0
2020-03-12,00022,LA,14.0,37.0,,,,51,0.0,0.0,0.0,8.0,8.0
2020-03-12,00025,MA,95.0,,,,,95,0.0,0.0,0.0,3.0,3.0
2020-03-12,00024,MD,12.0,94.0,,,,106,0.0,0.0,0.0,3.0,3.0
2020-03-12,00023,ME,1.0,65.0,20.0,,,66,0.0,0.0,23.0,1.0,24.0
2020-03-12,00026,MI,2.0,91.0,27.0,,,93,0.0,0.0,34.0,0.0,34.0
2020-03-12,00027,MN,9.0,307.0,,,,316,0.0,0.0,90.0,4.0,94.0
2020-03-12,00029,MO,1.0,64.0,,,,65,0.0,0.0,64.0,0.0,64.0
2020-03-12,00028,MS,1.0,41.0,,,,42,0.0,0.0,21.0,1.0,22.0
2020-03-12,00030,MT,1.0,34.0,,,,35,0.0,0.0,13.0,1.0,14.0
2020-03-12,00037,NC,12.0,60.0,,,,72,0.0,0.0,60.0,5.0,65.0
2020-03-12,00038,ND,1.0,12.0,14.0,,,13,0.0,0.0,5.0,1.0,6.0
2020-03-12,00031,NE,10.0,80.0,33.0,,,90,0.0,0.0,33.0,5.0,38.0
2020-03-12,00033,NH,6.0,94.0,21.0,,,100,0.0,0.0,56.0,2.0,58.0
2020-03-12,00034,NJ,30.0,74.0,20.0,,1.0,104,0.0,0.0,17.0,6.0,23.0
2020-03-12,00035,NM,5.0,155.0,,,,160,0.0,0.0,68.0,2.0,70.0
2020-03-12,00032,NV,7.0,168.0,,,,175,0.0,0.0,0.0,2.0,2.0
2020-03-12,00036,NY,216.0,92.0,,,,308,0.0,0.0,0.0,0.0,0.0
2020-03-12,00039,OH,5.0,30.0,52.0,,,35,0.0,0.0,9.0,1.0,10.0
2020-03-12,00040,OK,3.0,36.0,4.0,,,39,0.0,0.0,21.0,1.0,22.0
2020-03-12,00041,OR,19.0,286.0,62.0,,,305,0.0,0.0,0.0,0.0,0.0
2020-03-12,00042,PA,22.0,116.0,81.0,,,138,0.0,0.0,28.0,7.0,35.0
2020-03-12,00044,RI,5.0,94.0,8.0,,,99,0.0,0.0,36.0,0.0,36.0
2020-03-12,00045,SC,10.0,48.0,,,,58,0.0,0.0,16.0,1.0,17.0
2020-03-12,00046,SD,8.0,27.0,11.0,,,35,0.0,0.0,14.0,3.0,17.0
2020-03-12,00047,TN,18.0,79.0,,,,97,0.0,0.0,29.0,11.0,40.0
2020-03-12,00048,TX,23.0,,,,,23,0.0,0.0,0.0,2.0,2.0
2020-03-12,00049,UT,4.0,131.0,,,,135,0.0,0.0,131.0,2.0,133.0
2020-03-12,00051,VA,17.0,117.0,,,,134,0.0,0.0,57.0,8.0,65.0
2020-03-12,00050,VT,2.0,97.0,,,,99,0.0,0.0,35.0,1.0,36.0
2020-03-12,00053,WA,337.0,3037.0,,,29.0,3374,5.0,0.0,862.0,70.0,932.0
2020-03-12,00055,WI,8.0,84.0,,,,92,0.0,0.0,41.0,5.0,46.0
2020-03-12,00054,WV,0.0,7.0,1.0,,,7,0.0,0.0,4.0,0.0,4.0
2020-03-12,00056,WY,1.0,,,,,1,0.0,0.0,0.0,1.0,1.0
2020-03-11,00002,AK,0.0,46.0,14.0,,,46,0.0,0.0,23.0,0.0,23.0
2020-03-11,00001,AL,0.0,10.0,,,,10,0.0,0.0,10.0,0.0,10.0
2020-03-11,00005,AR,0.0,12.0,14.0,,,12,0.0,0.0,0.0,0.0,0.0
2020-03-11,00004,AZ,9.0,59.0,32.0,,,68,0.0,0.0,8.0,3.0,11.0
2020-03-11,00006,CA,157.0,916.0,,,,1073,0.0,0.0,226.0,24.0,250.0
2020-03-11,00008,CO,28.0,251.0,,,,279,0.0,0.0,109.0,16.0,125.0
2020-03-11,00009,CT,3.0,71.0,,,,74,0.0,0.0,17.0,1.0,18.0
2020-03-11,00011,DC,4.0,20.0,15.0,,,24,0.0,0.0,3.0,-1.0,2.0
2020-03-11,00010,DE,1.0,17.0,2.0,,,18,0.0,0.0,0.0,1.0,1.0
2020-03-11,00012,FL,28.0,301.0,147.0,,2.0,329,2.0,0.0,79.0,9.0,88.0
2020-03-11,00013,GA,22.0,,,,,22,0.0,0.0,0.0,5.0,5.0
2020-03-11,00015,HI,2.0,,,,,2,0.0,0.0,0.0,0.0,0.0
2020-03-11,00019,IA,13.0,46.0,27.0,,,59,0.0,0.0,14.0,5.0,19.0
2020-03-11,00016,ID,0.0,67.0,,,,67,0.0,0.0,26.0,0.0,26.0
2020-03-11,00017,IL,19.0,244.0,63.0,,,263,0.0,0.0,0.0,0.0,0.0
2020-03-11,00018,IN,10.0,33.0,,,,43,0.0,0.0,3.0,4.0,7.0
2020-03-11,00020,KS,1.0,41.0,,,,42,0.0,0.0,24.0,0.0,24.0
2020-03-11,00021,KY,8.0,46.0,,,,54,0.0,0.0,18.0,2.0,20.0
2020-03-11,00022,LA,6.0,37.0,,,,43,0.0,0.0,26.0,5.0,31.0
2020-03-11,00025,MA,92.0,,,,,92,0.0,0.0,0.0,0.0,0.0
2020-03-11,00024,MD,9.0,94.0,,,,103,0.0,0.0,5.0,3.0,8.0
2020-03-11,00023,ME,0.0,42.0,5.0,,,42,0.0,0.0,22.0,0.0,22.0
2020-03-11,00026,MI,2.0,57.0,18.0,,,59,0.0,0.0,18.0,2.0,20.0
2020-03-11,00027,MN,5.0,217.0,,,,222,0.0,0.0,85.0,2.0,87.0
2020-03-11,00029,MO,1.0,,,,,1,0.0,0.0,0.0,0.0,0.0
2020-03-11,00028,MS,0.0,20.0,,,,20,0.0,0.0,20.0,0.0,20.0
2020-03-11,00030,MT,0.0,21.0,,,,21,0.0,0.0,6.0,0.0,6.0
2020-03-11,00037,NC,7.0,,,,,7,0.0,0.0,0.0,0.0,0.0
2020-03-11,00038,ND,0.0,7.0,6.0,,,7,0.0,0.0,1.0,0.0,1.0
2020-03-11,00031,NE,5.0,47.0,16.0,,,52,0.0,0.0,0.0,2.0,2.0
2020-03-11,00033,NH,4.0,38.0,5.0,,,42,0.0,0.0,0.0,0.0,0.0
2020-03-11,00034,NJ,24.0,57.0,20.0,,1.0,81,1.0,0.0,13.0,9.0,22.0
2020-03-11,00035,NM,3.0,87.0,,,,90,0.0,0.0,18.0,3.0,21.0
2020-03-11,00032,NV,5.0,168.0,,,,173,0.0,0.0,154.0,5.0,159.0
2020-03-11,00036,NY,216.0,92.0,,,,308,0.0,0.0,0.0,43.0,43.0
2020-03-11,00039,OH,4.0,21.0,24.0,,,25,0.0,0.0,7.0,1.0,8.0
2020-03-11,00040,OK,2.0,15.0,11.0,,,17,0.0,0.0,0.0,0.0,0.0
2020-03-11,00041,OR,19.0,286.0,62.0,,,305,0.0,0.0,73.0,4.0,77.0
2020-03-11,00042,PA,15.0,88.0,54.0,,,103,0.0,0.0,88.0,3.0,91.0
2020-03-11,00044,RI,5.0,58.0,24.0,,,63,0.0,0.0,5.0,2.0,7.0
2020-03-11,00045,SC,9.0,32.0,,,,41,0.0,0.0,8.0,2.0,10.0
2020-03-11,00046,SD,5.0,13.0,2.0,,,18,0.0,0.0,2.0,5.0,7.0
2020-03-11,00047,TN,7.0,50.0,,,,57,0.0,0.0,50.0,0.0,50.0
2020-03-11,00048,TX,21.0,,,,,21,0.0,0.0,0.0,8.0,8.0
2020-03-11,00049,UT,2.0,,,,,2,0.0,0.0,0.0,0.0,0.0
2020-03-11,00051,VA,9.0,60.0,,,,69,0.0,0.0,7.0,1.0,8.0
2020-03-11,00050,VT,1.0,62.0,,,,63,0.0,0.0,22.0,0.0,22.0
2020-03-11,00053,WA,267.0,2175.0,,,24.0,2442,24.0,0.0,1065.0,105.0,1170.0
2020-03-11,00055,WI,3.0,43.0,,,,46,0.0,0.0,7.0,1.0,8.0
2020-03-11,00054,WV,0.0,3.0,2.0,,,3,0.0,0.0,1.0,0.0,1.0
2020-03-11,00056,WY,0.0,,,,,0,0.0,0.0,0.0,0.0,0.0
2020-03-10,00002,AK,0.0,23.0,9.0,,,23,0.0,0.0,0.0,0.0,0.0
2020-03-10,00001,AL,0.0,0.0,0.0,,,0,0.0,0.0,0.0,0.0,0.0
2020-03-10,00005,AR,0.0,12.0,3.0,,,12,0.0,0.0,0.0,0.0,0.0
2020-03-10,00004,AZ,6.0,51.0,27.0,,,57,0.0,0.0,7.0,1.0,8.0
2020-03-10,00006,CA,133.0,690.0,,,,823,0.0,0.0,0.0,19.0,19.0
2020-03-10,00008,CO,12.0,142.0,1.0,,,154,0.0,0.0,9.0,3.0,12.0
2020-03-10,00009,CT,2.0,54.0,,,,56,0.0,0.0,8.0,1.0,9.0
2020-03-10,00011,DC,5.0,17.0,2.0,,,22,0.0,0.0,3.0,4.0,7.0
2020-03-10,00010,DE,0.0,17.0,3.0,,,17,0.0,0.0,2.0,0.0,2.0
2020-03-10,00012,FL,19.0,222.0,155.0,,,241,0.0,0.0,82.0,1.0,83.0
2020-03-10,00013,GA,17.0,,,,,17,0.0,0.0,0.0,5.0,5.0
2020-03-10,00015,HI,2.0,,,,,2,0.0,0.0,0.0,0.0,0.0
2020-03-10,00019,IA,8.0,32.0,11.0,,,40,0.0,0.0,6.0,5.0,11.0
2020-03-10,00016,ID,0.0,41.0,,,,41,0.0,0.0,0.0,0.0,0.0
2020-03-10,00017,IL,19.0,244.0,63.0,,,263,0.0,0.0,53.0,12.0,65.0
2020-03-10,00018,IN,6.0,30.0,,,,36,0.0,0.0,30.0,4.0,34.0
2020-03-10,00020,KS,1.0,17.0,21.0,,,18,0.0,0.0,6.0,0.0,6.0
2020-03-10,00021,KY,6.0,28.0,,,,34,0.0,0.0,11.0,2.0,13.0
2020-03-10,00022,LA,1.0,11.0,,,,12,0.0,0.0,6.0,0.0,6.0
2020-03-10,00025,MA,92.0,,,,,92,0.0,0.0,0.0,51.0,51.0
2020-03-10,00024,MD,6.0,89.0,,,,95,0.0,0.0,16.0,1.0,17.0
2020-03-10,00023,ME,0.0,20.0,5.0,,,20,0.0,0.0,19.0,0.0,19.0
2020-03-10,00026,MI,0.0,39.0,24.0,,,39,0.0,0.0,3.0,0.0,3.0
2020-03-10,00027,MN,3.0,132.0,,,,135,0.0,0.0,52.0,1.0,53.0
2020-03-10,00029,MO,1.0,,,,,1,0.0,0.0,0.0,0.0,0.0
2020-03-10,00028,MS,0.0,,,,,0,0.0,0.0,0.0,0.0,0.0
2020-03-10,00030,MT,0.0,15.0,,,,15,0.0,0.0,4.0,0.0,4.0
2020-03-10,00037,NC,7.0,,,,,7,0.0,0.0,0.0,5.0,5.0
2020-03-10,00038,ND,0.0,6.0,2.0,,,6,0.0,0.0,6.0,0.0,6.0
2020-03-10,00031,NE,3.0,47.0,16.0,,,50,0.0,0.0,11.0,0.0,11.0
2020-03-10,00033,NH,4.0,38.0,5.0,,,42,0.0,0.0,0.0,0.0,0.0
2020-03-10,00034,NJ,15.0,44.0,20.0,,,59,0.0,0.0,9.0,4.0,13.0
2020-03-10,00035,NM,0.0,69.0,,,,69,0.0,0.0,12.0,0.0,12.0
2020-03-10,00032,NV,0.0,14.0,,,,14,0.0,0.0,0.0,0.0,-1.0
2020-03-10,00036,NY,173.0,92.0,,,,265,0.0,0.0,0.0,31.0,31.0
2020-03-10,00039,OH,3.0,14.0,15.0,,,17,0.0,0.0,3.0,0.0,3.0
2020-03-10,00040,OK,2.0,15.0,11.0,,,17,0.0,0.0,7.0,1.0,8.0
2020-03-10,00041,OR,15.0,213.0,67.0,,,228,0.0,0.0,48.0,1.0,49.0
2020-03-10,00042,PA,12.0,,,,,12,0.0,0.0,0.0,5.0,5.0
2020-03-10,00044,RI,3.0,53.0,6.0,,,56,0.0,0.0,0.0,0.0,0.0
2020-03-10,00045,SC,7.0,24.0,,,,31,0.0,0.0,0.0,0.0,0.0
2020-03-10,00046,SD,0.0,11.0,0.0,,,11,0.0,0.0,6.0,0.0,6.0
2020-03-10,00047,TN,7.0,,,,,7,0.0,0.0,0.0,4.0,4.0
2020-03-10,00048,TX,13.0,,,,,13,0.0,0.0,0.0,1.0,1.0
2020-03-10,00049,UT,2.0,,,,,2,0.0,0.0,0.0,1.0,1.0
2020-03-10,00051,VA,8.0,53.0,,,,61,0.0,0.0,15.0,5.0,20.0
2020-03-10,00050,VT,1.0,40.0,,,,41,0.0,0.0,6.0,0.0,6.0
2020-03-10,00053,WA,162.0,1110.0,,,,1272,0.0,0.0,0.0,26.0,26.0
2020-03-10,00055,WI,2.0,36.0,,,,38,0.0,0.0,0.0,1.0,1.0
2020-03-10,00054,WV,0.0,2.0,3.0,,,2,0.0,0.0,0.0,0.0,0.0
2020-03-10,00056,WY,0.0,0.0,0.0,,,0,0.0,0.0,0.0,0.0,0.0
2020-03-09,00002,AK,0.0,23.0,9.0,,,23,0.0,0.0,9.0,0.0,9.0
2020-03-09,00001,AL,0.0,,,,,0,0.0,0.0,0.0,0.0,0.0
2020-03-09,00005,AR,0.0,12.0,0.0,,,12,0.0,0.0,6.0,0.0,6.0
2020-03-09,00004,AZ,5.0,44.0,7.0,,,49,0.0,0.0,0.0,0.0,0.0
2020-03-09,00006,CA,114.0,690.0,,,,804,0.0,0.0,228.0,26.0,254.0
2020-03-09,00008,CO,9.0,133.0,,,,142,0.0,0.0,29.0,1.0,30.0
2020-03-09,00009,CT,1.0,46.0,,,,47,0.0,0.0,17.0,0.0,17.0
2020-03-09,00011,DC,1.0,14.0,3.0,,,15,0.0,0.0,4.0,0.0,4.0
2020-03-09,00010,DE,0.0,15.0,3.0,,,15,0.0,0.0,5.0,0.0,5.0
2020-03-09,00012,FL,18.0,140.0,115.0,,,158,0.0,0.0,22.0,1.0,23.0
2020-03-09,00013,GA,12.0,,,,,12,0.0,0.0,0.0,5.0,5.0
2020-03-09,00015,HI,2.0,,,,,2,0.0,0.0,0.0,1.0,1.0
2020-03-09,00019,IA,3.0,26.0,8.0,,,29,0.0,0.0,11.0,3.0,14.0
2020-03-09,00016,ID,0.0,41.0,,,,41,0.0,0.0,14.0,0.0,14.0
2020-03-09,00017,IL,7.0,191.0,44.0,,,198,0.0,0.0,0.0,1.0,1.0
2020-03-09,00018,IN,2.0,,,,,2,0.0,0.0,0.0,0.0,0.0
2020-03-09,00020,KS,1.0,11.0,0.0,,,12,0.0,0.0,0.0,0.0,0.0
2020-03-09,00021,KY,4.0,17.0,,,,21,0.0,0.0,4.0,3.0,7.0
2020-03-09,00022,LA,1.0,5.0,,,,6,0.0,0.0,0.0,1.0,1.0
2020-03-09,00025,MA,41.0,,,,,41,0.0,0.0,0.0,28.0,28.0
2020-03-09,00024,MD,5.0,73.0,,,,78,0.0,0.0,21.0,2.0,23.0
2020-03-09,00023,ME,0.0,1.0,,,,1,0.0,0.0,0.0,0.0,0.0
2020-03-09,00026,MI,0.0,36.0,11.0,,,36,0.0,0.0,10.0,0.0,10.0
2020-03-09,00027,MN,2.0,80.0,,,,82,0.0,0.0,32.0,1.0,33.0
2020-03-09,00029,MO,1.0,,,,,1,0.0,0.0,0.0,0.0,0.0
2020-03-09,00028,MS,0.0,,,,,0,0.0,0.0,0.0,0.0,0.0
2020-03-09,00030,MT,0.0,11.0,0.0,,,11,0.0,0.0,0.0,0.0,0.0
2020-03-09,00037,NC,2.0,,,,,2,0.0,0.0,0.0,0.0,0.0
2020-03-09,00038,ND,0.0,0.0,,,,0,0.0,0.0,0.0,0.0,0.0
2020-03-09,00031,NE,3.0,36.0,9.0,,,39,0.0,0.0,19.0,2.0,21.0
2020-03-09,00033,NH,4.0,38.0,5.0,,,42,0.0,0.0,0.0,0.0,0.0
2020-03-09,00034,NJ,11.0,35.0,14.0,,,46,0.0,0.0,4.0,5.0,9.0
2020-03-09,00035,NM,0.0,57.0,0.0,,,57,0.0,0.0,9.0,0.0,9.0
2020-03-09,00032,NV,1.0,14.0,,,,15,0.0,0.0,0.0,0.0,0.0
2020-03-09,00036,NY,142.0,92.0,,,,234,0.0,0.0,0.0,37.0,37.0
2020-03-09,00039,OH,3.0,11.0,5.0,,,14,0.0,0.0,1.0,3.0,4.0
2020-03-09,00040,OK,1.0,8.0,10.0,,,9,0.0,0.0,0.0,0.0,0.0
2020-03-09,00041,OR,14.0,165.0,52.0,,,179,0.0,0.0,65.0,0.0,65.0
2020-03-09,00042,PA,7.0,,,,,7,0.0,0.0,0.0,3.0,3.0
2020-03-09,00044,RI,3.0,53.0,6.0,,,56,0.0,0.0,23.0,0.0,23.0
2020-03-09,00045,SC,7.0,24.0,,,,31,0.0,0.0,16.0,5.0,21.0
2020-03-09,00046,SD,0.0,5.0,0.0,,,5,0.0,0.0,0.0,0.0,0.0
2020-03-09,00047,TN,3.0,,,,,3,0.0,0.0,0.0,0.0,0.0
2020-03-09,00048,TX,12.0,,,,,12,0.0,0.0,0.0,4.0,4.0
2020-03-09,00049,UT,1.0,,,,,1,0.0,0.0,0.0,0.0,0.0
2020-03-09,00051,VA,3.0,38.0,9.0,,,41,0.0,0.0,2.0,1.0,3.0
2020-03-09,00050,VT,1.0,34.0,,,,35,0.0,0.0,6.0,0.0,6.0
2020-03-09,00053,WA,136.0,1110.0,,,,1246,0.0,0.0,470.0,34.0,504.0
2020-03-09,00055,WI,1.0,36.0,,,,37,0.0,0.0,5.0,0.0,5.0
2020-03-09,00054,WV,0.0,2.0,3.0,,,2,0.0,0.0,0.0,0.0,0.0
2020-03-09,00056,WY,0.0,,,,,0,0.0,0.0,0.0,0.0,0.0
2020-03-08,00002,AK,0.0,14.0,6.0,,,14,0.0,0.0,2.0,0.0,2.0
2020-03-08,00001,AL,0.0,,,,,0,0.0,0.0,0.0,0.0,0.0
2020-03-08,00005,AR,0.0,6.0,0.0,,,6,0.0,0.0,0.0,0.0,0.0
2020-03-08,00004,AZ,5.0,44.0,7.0,,,49,0.0,0.0,0.0,0.0,0.0
2020-03-08,00006,CA,88.0,462.0,,,,550,0.0,0.0,0.0,19.0,19.0
2020-03-08,00008,CO,8.0,104.0,,,,112,0.0,0.0,49.0,0.0,49.0
2020-03-08,00009,CT,1.0,29.0,8.0,,,30,0.0,0.0,29.0,1.0,30.0
2020-03-08,00011,DC,1.0,10.0,0.0,,,11,0.0,0.0,2.0,1.0,3.0
2020-03-08,00010,DE,0.0,10.0,0.0,,,10,0.0,0.0,0.0,0.0,0.0
2020-03-08,00012,FL,17.0,118.0,108.0,,,135,0.0,0.0,18.0,3.0,21.0
2020-03-08,00013,GA,7.0,,,,,7,0.0,0.0,0.0,1.0,1.0
2020-03-08,00015,HI,1.0,,,,,1,0.0,0.0,0.0,0.0,0.0
2020-03-08,00019,IA,0.0,15.0,2.0,,,15,0.0,0.0,0.0,0.0,0.0
2020-03-08,00016,ID,0.0,27.0,,,,27,0.0,0.0,0.0,0.0,0.0
2020-03-08,00017,IL,6.0,191.0,44.0,,,197,0.0,0.0,0.0,0.0,0.0
2020-03-08,00018,IN,2.0,,,,,2,0.0,0.0,0.0,1.0,1.0
2020-03-08,00020,KS,1.0,11.0,0.0,,,12,0.0,0.0,0.0,1.0,1.0
2020-03-08,00021,KY,1.0,13.0,,,,14,0.0,0.0,4.0,0.0,4.0
2020-03-08,00022,LA,0.0,5.0,,,,5,0.0,0.0,5.0,0.0,5.0
2020-03-08,00025,MA,13.0,,,,,13,0.0,0.0,0.0,0.0,0.0
2020-03-08,00024,MD,3.0,52.0,,,,55,0.0,0.0,11.0,0.0,11.0
2020-03-08,00023,ME,0.0,1.0,,,,1,0.0,0.0,0.0,0.0,0.0
2020-03-08,00026,MI,0.0,26.0,10.0,,,26,0.0,0.0,8.0,0.0,8.0
2020-03-08,00027,MN,1.0,48.0,,,,49,0.0,0.0,0.0,0.0,0.0
2020-03-08,00029,MO,1.0,,,,,1,0.0,0.0,0.0,1.0,1.0
2020-03-08,00028,MS,0.0,,,,,0,0.0,0.0,0.0,0.0,0.0
2020-03-08,00030,MT,0.0,11.0,,,,11,0.0,0.0,0.0,0.0,0.0
2020-03-08,00037,NC,2.0,,,,,2,0.0,0.0,0.0,0.0,0.0
2020-03-08,00038,ND,0.0,0.0,,,,0,0.0,0.0,0.0,0.0,0.0
2020-03-08,00031,NE,1.0,17.0,5.0,,,18,0.0,0.0,0.0,0.0,0.0
2020-03-08,00033,NH,4.0,38.0,5.0,,,42,0.0,0.0,18.0,2.0,20.0
2020-03-08,00034,NJ,6.0,31.0,0.0,,,37,0.0,0.0,31.0,2.0,33.0
2020-03-08,00035,NM,0.0,48.0,0.0,,,48,0.0,0.0,0.0,0.0,0.0
2020-03-08,00032,NV,1.0,14.0,,,,15,0.0,0.0,0.0,0.0,0.0
2020-03-08,00036,NY,105.0,92.0,,,,197,0.0,0.0,0.0,29.0,29.0
2020-03-08,00039,OH,0.0,10.0,4.0,,,10,0.0,0.0,1.0,0.0,1.0
2020-03-08,00040,OK,1.0,8.0,2.0,,,9,0.0,0.0,8.0,0.0,8.0
2020-03-08,00041,OR,14.0,100.0,53.0,,,114,0.0,0.0,23.0,7.0,30.0
2020-03-08,00042,PA,4.0,,,,,4,0.0,0.0,0.0,2.0,2.0
2020-03-08,00044,RI,3.0,30.0,12.0,,,33,0.0,0.0,30.0,1.0,31.0
2020-03-08,00045,SC,2.0,8.0,,,,10,0.0,0.0,0.0,0.0,0.0
2020-03-08,00046,SD,0.0,5.0,0.0,,,5,0.0,0.0,0.0,0.0,0.0
2020-03-08,00047,TN,3.0,,,,,3,0.0,0.0,0.0,2.0,2.0
2020-03-08,00048,TX,8.0,,,,,8,0.0,0.0,0.0,0.0,0.0
2020-03-08,00049,UT,1.0,,,,,1,0.0,0.0,0.0,0.0,0.0
2020-03-08,00051,VA,2.0,36.0,6.0,,,38,0.0,0.0,5.0,2.0,7.0
2020-03-08,00050,VT,1.0,28.0,,,,29,0.0,0.0,12.0,1.0,13.0
2020-03-08,00053,WA,102.0,640.0,60.0,,,742,0.0,0.0,270.0,0.0,270.0
2020-03-08,00055,WI,1.0,31.0,12.0,,,32,0.0,0.0,0.0,0.0,0.0
2020-03-08,00054,WV,0.0,2.0,3.0,,,2,0.0,0.0,0.0,0.0,0.0
2020-03-08,00056,WY,0.0,,,,,0,0.0,0.0,0.0,0.0,0.0
2020-03-07,00002,AK,0.0,12.0,2.0,,,12,0.0,0.0,4.0,0.0,4.0
2020-03-07,00001,AL,0.0,,,,,0,,,,,
2020-03-07,00005,AR,0.0,6.0,0.0,,,6,0.0,0.0,0.0,0.0,0.0
2020-03-07,00004,AZ,5.0,44.0,7.0,,,49,0.0,0.0,11.0,2.0,13.0
2020-03-07,00006,CA,69.0,462.0,,,,531,0.0,0.0,0.0,9.0,9.0
2020-03-07,00008,CO,8.0,55.0,69.0,,,63,0.0,0.0,9.0,6.0,15.0
2020-03-07,00009,CT,0.0,,,,,0,,,,,
2020-03-07,00011,DC,0.0,8.0,1.0,,,8,0.0,0.0,0.0,0.0,0.0
2020-03-07,00010,DE,0.0,10.0,0.0,,,10,0.0,0.0,0.0,0.0,0.0
2020-03-07,00012,FL,14.0,100.0,88.0,,,114,0.0,0.0,45.0,5.0,50.0
2020-03-07,00013,GA,6.0,,,,,6,0.0,0.0,0.0,4.0,4.0
2020-03-07,00015,HI,1.0,,,,,1,,,,,
2020-03-07,00019,IA,0.0,15.0,2.0,,,15,0.0,0.0,0.0,0.0,0.0
2020-03-07,00016,ID,0.0,27.0,,,,27,,,,,
2020-03-07,00017,IL,6.0,191.0,44.0,,,197,0.0,0.0,11.0,1.0,12.0
2020-03-07,00018,IN,1.0,,,,,1,0.0,0.0,0.0,0.0,0.0
2020-03-07,00020,KS,0.0,11.0,2.0,,,11,0.0,0.0,7.0,0.0,7.0
2020-03-07,00021,KY,1.0,9.0,,,,10,0.0,0.0,2.0,1.0,3.0
2020-03-07,00022,LA,0.0,,,,,0,,,,,
2020-03-07,00025,MA,13.0,,,,,13,0.0,0.0,0.0,5.0,5.0
2020-03-07,00024,MD,3.0,41.0,,,,44,0.0,0.0,15.0,0.0,15.0
2020-03-07,00023,ME,0.0,1.0,,,,1,,,,,
2020-03-07,00026,MI,0.0,18.0,9.0,,,18,0.0,0.0,10.0,0.0,10.0
2020-03-07,00027,MN,1.0,48.0,,,,49,0.0,0.0,12.0,1.0,13.0
2020-03-07,00029,MO,0.0,,,,,0,,,,,
2020-03-07,00028,MS,0.0,,,,,0,,,,,
2020-03-07,00030,MT,0.0,11.0,,,,11,,,,,
2020-03-07,00037,NC,2.0,,,,,2,0.0,0.0,0.0,0.0,0.0
2020-03-07,00038,ND,0.0,0.0,,,,0,,,,,
2020-03-07,00031,NE,1.0,17.0,5.0,,,18,0.0,0.0,0.0,1.0,1.0
2020-03-07,00033,NH,2.0,20.0,3.0,,,22,0.0,0.0,0.0,0.0,0.0
2020-03-07,00034,NJ,4.0,,1.0,,,4,0.0,0.0,0.0,3.0,3.0
2020-03-07,00035,NM,0.0,48.0,0.0,,,48,0.0,0.0,32.0,0.0,32.0
2020-03-07,00032,NV,1.0,14.0,,,,15,0.0,0.0,0.0,0.0,0.0
2020-03-07,00036,NY,76.0,92.0,236.0,,,168,0.0,0.0,0.0,43.0,43.0
2020-03-07,00039,OH,0.0,9.0,5.0,,,9,0.0,0.0,1.0,0.0,1.0
2020-03-07,00040,OK,1.0,,,,,1,,,,,
2020-03-07,00041,OR,7.0,77.0,40.0,,,84,0.0,0.0,13.0,4.0,17.0
2020-03-07,00042,PA,2.0,,,,,2,0.0,0.0,0.0,0.0,0.0
2020-03-07,00044,RI,2.0,,,,,2,,,,,
2020-03-07,00045,SC,2.0,8.0,,,,10,0.0,0.0,3.0,2.0,5.0
2020-03-07,00046,SD,0.0,5.0,0.0,,,5,,,,,
2020-03-07,00047,TN,1.0,,,,,1,0.0,0.0,0.0,0.0,0.0
2020-03-07,00048,TX,8.0,,,,,8,0.0,0.0,0.0,3.0,3.0
2020-03-07,00049,UT,1.0,,,,,1,,,,,
2020-03-07,00051,VA,0.0,31.0,7.0,,,31,0.0,0.0,10.0,0.0,10.0
2020-03-07,00050,VT,0.0,16.0,,,,16,0.0,0.0,8.0,0.0,8.0
2020-03-07,00053,WA,102.0,370.0,66.0,,,472,0.0,0.0,0.0,23.0,23.0
2020-03-07,00055,WI,1.0,31.0,12.0,,,32,0.0,0.0,0.0,0.0,0.0
2020-03-07,00054,WV,0.0,2.0,3.0,,,2,0.0,0.0,1.0,0.0,1.0
2020-03-07,00056,WY,0.0,,,,,0,,,,,
2020-03-06,00002,AK,0.0,8.0,1.0,,,8,,,,,
2020-03-06,00005,AR,0.0,6.0,0.0,,,6,,,,,
2020-03-06,00004,AZ,3.0,33.0,15.0,,,36,0.0,0.0,5.0,1.0,6.0
2020-03-06,00006,CA,60.0,462.0,,,,522,0.0,0.0,0.0,7.0,7.0
2020-03-06,00008,CO,2.0,46.0,30.0,,,48,0.0,0.0,27.0,2.0,29.0
2020-03-06,00011,DC,0.0,8.0,1.0,,,8,0.0,0.0,2.0,0.0,2.0
2020-03-06,00010,DE,0.0,10.0,0.0,,,10,,,,,
2020-03-06,00012,FL,9.0,55.0,51.0,,,64,0.0,0.0,24.0,0.0,24.0
2020-03-06,00013,GA,2.0,,,,,2,0.0,0.0,0.0,0.0,0.0
2020-03-06,00019,IA,0.0,15.0,2.0,,,15,,,,,
2020-03-06,00017,IL,5.0,180.0,35.0,,,185,0.0,0.0,15.0,0.0,15.0
2020-03-06,00018,IN,1.0,,,,,1,,,,,
2020-03-06,00020,KS,0.0,4.0,0.0,,,4,,,,,
2020-03-06,00021,KY,0.0,7.0,3.0,,,7,,,,,
2020-03-06,00025,MA,8.0,,,,,8,0.0,0.0,0.0,6.0,6.0
2020-03-06,00024,MD,3.0,26.0,12.0,,,29,0.0,0.0,9.0,3.0,12.0
2020-03-06,00026,MI,0.0,8.0,8.0,,,8,0.0,0.0,0.0,0.0,0.0
2020-03-06,00027,MN,0.0,36.0,,,,36,,,,,
2020-03-06,00037,NC,2.0,,,,,2,0.0,0.0,0.0,1.0,1.0
2020-03-06,00031,NE,0.0,17.0,5.0,,,17,0.0,0.0,0.0,0.0,0.0
2020-03-06,00033,NH,2.0,20.0,3.0,,,22,0.0,0.0,4.0,0.0,4.0
2020-03-06,00034,NJ,1.0,,,,,1,0.0,0.0,0.0,0.0,0.0
2020-03-06,00035,NM,0.0,16.0,0.0,,,16,,,,,
2020-03-06,00032,NV,1.0,14.0,,,,15,0.0,0.0,0.0,0.0,0.0
2020-03-06,00036,NY,33.0,92.0,236.0,,,125,0.0,0.0,16.0,11.0,27.0
2020-03-06,00039,OH,0.0,8.0,2.0,,,8,0.0,0.0,1.0,0.0,1.0
2020-03-06,00041,OR,3.0,64.0,28.0,,,67,0.0,0.0,19.0,0.0,19.0
2020-03-06,00042,PA,2.0,,,,,2,,,,,
2020-03-06,00045,SC,0.0,5.0,0.0,,,5,0.0,0.0,0.0,0.0,0.0
2020-03-06,00047,TN,1.0,,,,,1,0.0,0.0,0.0,0.0,0.0
2020-03-06,00048,TX,5.0,,,,,5,0.0,0.0,0.0,4.0,4.0
2020-03-06,00051,VA,0.0,21.0,10.0,,,21,0.0,0.0,3.0,0.0,3.0
2020-03-06,00050,VT,0.0,8.0,,,,8,,,,,
2020-03-06,00053,WA,79.0,370.0,,,,449,0.0,0.0,370.0,9.0,379.0
2020-03-06,00055,WI,1.0,31.0,12.0,,,32,0.0,0.0,12.0,0.0,12.0
2020-03-06,00054,WV,0.0,1.0,4.0,,,1,,,,,
2020-03-05,00004,AZ,2.0,28.0,6.0,,,30,0.0,0.0,1.0,0.0,1.0
2020-03-05,00006,CA,53.0,462.0,,,,515,0.0,0.0,0.0,0.0,0.0
2020-03-05,00008,CO,0.0,19.0,21.0,,,19,,,,,
2020-03-05,00011,DC,0.0,6.0,2.0,,,6,,,,,
2020-03-05,00012,FL,9.0,31.0,69.0,,,40,0.0,0.0,7.0,7.0,14.0
2020-03-05,00013,GA,2.0,,,,,2,0.0,0.0,0.0,0.0,0.0
2020-03-05,00017,IL,5.0,165.0,27.0,,,170,0.0,0.0,41.0,1.0,42.0
2020-03-05,00025,MA,2.0,,,,,2,0.0,0.0,0.0,0.0,0.0
2020-03-05,00024,MD,0.0,17.0,14.0,,,17,,,,,
2020-03-05,00026,MI,0.0,8.0,0.0,,,8,,,,,
2020-03-05,00037,NC,1.0,,,,,1,0.0,0.0,0.0,0.0,0.0
2020-03-05,00031,NE,0.0,17.0,5.0,,,17,,,,,
2020-03-05,00033,NH,2.0,16.0,4.0,,,18,0.0,0.0,6.0,0.0,6.0
2020-03-05,00034,NJ,1.0,,,,,1,,,,,
2020-03-05,00032,NV,1.0,14.0,,,,15,,,,,
2020-03-05,00036,NY,22.0,76.0,24.0,,,98,0.0,0.0,28.0,16.0,44.0
2020-03-05,00039,OH,0.0,7.0,3.0,,,7,,,,,
2020-03-05,00041,OR,3.0,45.0,13.0,,,48,0.0,0.0,16.0,0.0,16.0
2020-03-05,00045,SC,0.0,5.0,0.0,,,5,0.0,0.0,0.0,0.0,0.0
2020-03-05,00047,TN,1.0,,,,,1,,,,,
2020-03-05,00048,TX,1.0,,,,,1,0.0,0.0,0.0,0.0,0.0
2020-03-05,00051,VA,0.0,18.0,3.0,,,18,,,,,
2020-03-05,00053,WA,70.0,,,,,70,0.0,0.0,0.0,31.0,31.0
2020-03-05,00055,WI,1.0,19.0,6.0,,,20,0.0,0.0,0.0,0.0,0.0
2020-03-04,00004,AZ,2.0,27.0,5.0,,,29,,,,,
2020-03-04,00006,CA,53.0,462.0,,,,515,,,,,
2020-03-04,00012,FL,2.0,24.0,16.0,,,26,,,,,
2020-03-04,00013,GA,2.0,,,,,2,,,,,
2020-03-04,00017,IL,4.0,124.0,27.0,,,128,,,,,
2020-03-04,00025,MA,2.0,,,,,2,,,,,
2020-03-04,00037,NC,1.0,,,,,1,,,,,
2020-03-04,00033,NH,2.0,10.0,7.0,,,12,,,,,
2020-03-04,00036,NY,6.0,48.0,24.0,,,54,,,,,
2020-03-04,00041,OR,3.0,29.0,18.0,,,32,,,,,
2020-03-04,00045,SC,0.0,5.0,0.0,,,5,,,,,
2020-03-04,00048,TX,1.0,,,,,1,,,,,
2020-03-04,00053,WA,39.0,,,,,39,,,,,
2020-03-04,00055,WI,1.0,19.0,6.0,,,20,,,,,
